3000	expenses:transport.flights=10,expenses:entertainment.vacation=1	United Airlines	AIRLINES, AIR CARRIERS	United Airlines	3001	expenses:transport.flights=10,expenses:entertainment.vacation=1	American Airlines	AIRLINES, AIR CARRIERS	American Airlines	3002	expenses:transport.flights=10,expenses:entertainment.vacation=1	Pan American	AIRLINES, AIR CARRIERS	Pan American	3003	expenses:transport.flights=10,expenses:entertainment.vacation=1	Eurofly Airlines	AIRLINES, AIR CARRIERS	Eurofly Airlines	3004	expenses:transport.flights=10,expenses:entertainment.vacation=1	Trans World Airlines	AIRLINES, AIR CARRIERS	Trans World Airlines (Visa Only)	3005	expenses:transport.flights=10,expenses:entertainment.vacation=1	British Airways	AIRLINES, AIR CARRIERS	British Airways	3006	expenses:transport.flights=10,expenses:entertainment.vacation=1	Japan Airlines	AIRLINES, AIR CARRIERS	Japan Airlines	3007	expenses:transport.flights=10,expenses:entertainment.vacation=1	Air France	AIRLINES, AIR CARRIERS	Air France	3008	expenses:transport.flights=10,expenses:entertainment.vacation=1	Lufthansa	AIRLINES, AIR CARRIERS	Lufthansa	3009	expenses:transport.flights=10,expenses:entertainment.vacation=1	Air Canada	AIRLINES, AIR CARRIERS	Air Canada	3010	expenses:transport.flights=10,expenses:entertainment.vacation=1	Royal Dutch Airlines (KLM)	AIRLINES, AIR CARRIERS	Royal Dutch Airlines (KLM)	3011	expenses:transport.flights=10,expenses:entertainment.vacation=1	Aeroflot	AIRLINES, AIR CARRIERS	Aeroflot	3012	expenses:transport.flights=10,expenses:entertainment.vacation=1	Qantas	AIRLINES, AIR CARRIERS	Qantas	3013	expenses:transport.flights=10,expenses:entertainment.vacation=1	Alitalia	AIRLINES, AIR CARRIERS	Alitalia	3014	expenses:transport.flights=10,expenses:entertainment.vacation=1	Saudi Arabian Airlines	AIRLINES, AIR CARRIERS	Saudi Arabian Airlines	3015	expenses:transport.flights=10,expenses:entertainment.vacation=1	Swiss International Air	AIRLINES, AIR CARRIERS	Swiss International Air	3016	expenses:transport.flights=10,expenses:entertainment.vacation=1	Scandinavian	AIRLINES, AIR CARRIERS	Scandinavian Airline System (SAS)	3017	expenses:transport.flights=10,expenses:entertainment.vacation=1	South African Airways	AIRLINES, AIR CARRIERS	South African Airways	3018	expenses:transport.flights=10,expenses:entertainment.vacation=1	Varig	AIRLINES, AIR CARRIERS	Varig (Brazil)	3019	expenses:transport.flights=10,expenses:entertainment.vacation=1	Germanwings	AIRLINES, AIR CARRIERS	Germanwings GMBH (MC effective now, Visa – 10/2006)	3020	expenses:transport.flights=10,expenses:entertainment.vacation=1	Air India	AIRLINES, AIR CARRIERS	Air India	3021	expenses:transport.flights=10,expenses:entertainment.vacation=1	Air Algerie	AIRLINES, AIR CARRIERS	Air Algerie	3022	expenses:transport.flights=10,expenses:entertainment.vacation=1	Philippine Airlines	AIRLINES, AIR CARRIERS	Philippine Airlines	3023	expenses:transport.flights=10,expenses:entertainment.vacation=1	Mexicana	AIRLINES, AIR CARRIERS	Mexicana	3024	expenses:transport.flights=10,expenses:entertainment.vacation=1	Pakistan International	AIRLINES, AIR CARRIERS	Pakistan International	3025	expenses:transport.flights=10,expenses:entertainment.vacation=1	Air New Zealand	AIRLINES, AIR CARRIERS	Air New Zealand	3026	expenses:transport.flights=10,expenses:entertainment.vacation=1	Emirates Airlines	AIRLINES, AIR CARRIERS	Emirates Airlines	3027	expenses:transport.flights=10,expenses:entertainment.vacation=1	Union De Transports Aeriens	AIRLINES, AIR CARRIERS	Union De Transports Aeriens (UTA/INTERAIR)	3028	expenses:transport.flights=10,expenses:entertainment.vacation=1	Air Malta	AIRLINES, AIR CARRIERS	Air Malta	3029	expenses:transport.flights=10,expenses:entertainment.vacation=1	SN Brussels Airlines	AIRLINES, AIR CARRIERS	SN Brussels Airlines	3030	expenses:transport.flights=10,expenses:entertainment.vacation=1	Aerolineas Argentinas	AIRLINES, AIR CARRIERS	Aerolineas Argentinas	3031	expenses:transport.flights=10,expenses:entertainment.vacation=1	Olympic Airways	AIRLINES, AIR CARRIERS	Olympic Airways	3032	expenses:transport.flights=10,expenses:entertainment.vacation=1	El Al	AIRLINES, AIR CARRIERS	El Al	3033	expenses:transport.flights=10,expenses:entertainment.vacation=1	Ansett Airlines	AIRLINES, AIR CARRIERS	Ansett Airlines	3035	expenses:transport.flights=10,expenses:entertainment.vacation=1	Tap Air Portugal	AIRLINES, AIR CARRIERS	Tap Air Portugal (TAP)	3036	expenses:transport.flights=10,expenses:entertainment.vacation=1	Viacao Aerea Sao Paulo	AIRLINES, AIR CARRIERS	Viacao Aerea Sao Paulo (VASP)	3037	expenses:transport.flights=10,expenses:entertainment.vacation=1	Egyptair	AIRLINES, AIR CARRIERS	Egyptair	3038	expenses:transport.flights=10,expenses:entertainment.vacation=1	Kuwait Airways	AIRLINES, AIR CARRIERS	Kuwait Airways	3039	expenses:transport.flights=10,expenses:entertainment.vacation=1	Avianca	AIRLINES, AIR CARRIERS	Avianca	3040	expenses:transport.flights=10,expenses:entertainment.vacation=1	Gulf Air	AIRLINES, AIR CARRIERS	Gulf Air (Bahrain)	3041	expenses:transport.flights=10,expenses:entertainment.vacation=1	Balkan-Bulgarian Airlines	AIRLINES, AIR CARRIERS	Balkan-Bulgarian Airlines	3042	expenses:transport.flights=10,expenses:entertainment.vacation=1	Finnair	AIRLINES, AIR CARRIERS	Finnair	3043	expenses:transport.flights=10,expenses:entertainment.vacation=1	Aer Lingus	AIRLINES, AIR CARRIERS	Aer Lingus	3044	expenses:transport.flights=10,expenses:entertainment.vacation=1	Air Lanka	AIRLINES, AIR CARRIERS	Air Lanka	3045	expenses:transport.flights=10,expenses:entertainment.vacation=1	Nigeria Airways	AIRLINES, AIR CARRIERS	Nigeria Airways	3046	expenses:transport.flights=10,expenses:entertainment.vacation=1	Cruzeiro Do Sul	AIRLINES, AIR CARRIERS	Cruzeiro Do Sul (Brazil)	3047	expenses:transport.flights=10,expenses:entertainment.vacation=1	Turk Hava Yollari	AIRLINES, AIR CARRIERS	Turk Hava Yollari (THY) (Turkey)	3048	expenses:transport.flights=10,expenses:entertainment.vacation=1	Royal Air Maroc	AIRLINES, AIR CARRIERS	Royal Air Maroc	3049	expenses:transport.flights=10,expenses:entertainment.vacation=1	Tunis Air	AIRLINES, AIR CARRIERS	Tunis Air	3050	expenses:transport.flights=10,expenses:entertainment.vacation=1	Icelandair	AIRLINES, AIR CARRIERS	Icelandair	3051	expenses:transport.flights=10,expenses:entertainment.vacation=1	Austrian Airlines	AIRLINES, AIR CARRIERS	Austrian Airlines	3052	expenses:transport.flights=10,expenses:entertainment.vacation=1	Lanchile	AIRLINES, AIR CARRIERS	Lanchile	3053	expenses:transport.flights=10,expenses:entertainment.vacation=1	Aviacion Y Comercio	AIRLINES, AIR CARRIERS	Aviacion Y Comercio (Aviaco) (Spain)	3054	expenses:transport.flights=10,expenses:entertainment.vacation=1	Linea Aerea Del Cobre	AIRLINES, AIR CARRIERS	Linea Aerea Del Cobre (Ladeco) (Chile)	3055	expenses:transport.flights=10,expenses:entertainment.vacation=1	Lloyd Aero Boliviano	AIRLINES, AIR CARRIERS	Lloyd Aero Boliviano (LAB) (Bolivia)	3058	expenses:transport.flights=10,expenses:entertainment.vacation=1	Delta	AIRLINES, AIR CARRIERS	Delta	3059	expenses:transport.flights=10,expenses:entertainment.vacation=1	DBA	AIRLINES, AIR CARRIERS	DBA Luftfahrtgesellschaft MBH (MC effective now, Visa – 10/2006)	3060	expenses:transport.flights=10,expenses:entertainment.vacation=1	Northwest	AIRLINES, AIR CARRIERS	Northwest	3061	expenses:transport.flights=10,expenses:entertainment.vacation=1	Continental	AIRLINES, AIR CARRIERS	Continental	3062	expenses:transport.flights=10,expenses:entertainment.vacation=1	Hapag-Lloyd Express	AIRLINES, AIR CARRIERS	Hapag-Lloyd Express (MC effective now, Visa – 10/2006)	3063	expenses:transport.flights=10,expenses:entertainment.vacation=1	US Airways	AIRLINES, AIR CARRIERS	US Airways	3064	expenses:transport.flights=10,expenses:entertainment.vacation=1	Adria Airways	AIRLINES, AIR CARRIERS	Adria Airways	3065	expenses:transport.flights=10,expenses:entertainment.vacation=1	Airinter	AIRLINES, AIR CARRIERS	Airinter	3066	expenses:transport.flights=10,expenses:entertainment.vacation=1	Southwest	AIRLINES, AIR CARRIERS	Southwest	3067	expenses:transport.flights=10,expenses:entertainment.vacation=1	Vanguard Airlines	AIRLINES, AIR CARRIERS	Vanguard Airlines	3071	expenses:transport.flights=10,expenses:entertainment.vacation=1	Air British Columbia	AIRLINES, AIR CARRIERS	Air British Columbia	3072	expenses:transport.flights=10,expenses:entertainment.vacation=1	CEBU Pacific Airlines	AIRLINES, AIR CARRIERS	CEBU Pacific Airlines	3075	expenses:transport.flights=10,expenses:entertainment.vacation=1	Singapore Airlines	AIRLINES, AIR CARRIERS	Singapore Airlines	3076	expenses:transport.flights=10,expenses:entertainment.vacation=1	Aeromexico	AIRLINES, AIR CARRIERS	Aeromexico	3077	expenses:transport.flights=10,expenses:entertainment.vacation=1	Thai Airways	AIRLINES, AIR CARRIERS	Thai Airways	3078	expenses:transport.flights=10,expenses:entertainment.vacation=1	China Airlines	AIRLINES, AIR CARRIERS	China Airlines	3079	expenses:transport.flights=10,expenses:entertainment.vacation=1	Jetstar Airways	AIRLINES, AIR CARRIERS	Jetstar Airways	3081	expenses:transport.flights=10,expenses:entertainment.vacation=1	Nordair	AIRLINES, AIR CARRIERS	Nordair (Visa Only)	3082	expenses:transport.flights=10,expenses:entertainment.vacation=1	Korean Airlines	AIRLINES, AIR CARRIERS	Korean Airlines	3083	expenses:transport.flights=10,expenses:entertainment.vacation=1	Air Afrique	AIRLINES, AIR CARRIERS	Air Afrique	3084	expenses:transport.flights=10,expenses:entertainment.vacation=1	Eva Airlines	AIRLINES, AIR CARRIERS	Eva Airlines	3085	expenses:transport.flights=10,expenses:entertainment.vacation=1	Midwest Express Airlines, Inc	AIRLINES, AIR CARRIERS	Midwest Express Airlines, Inc	3087	expenses:transport.flights=10,expenses:entertainment.vacation=1	Metro Airlines	AIRLINES, AIR CARRIERS	Metro Airlines	3088	expenses:transport.flights=10,expenses:entertainment.vacation=1	Croatia Airlines	AIRLINES, AIR CARRIERS	Croatia Airlines	3089	expenses:transport.flights=10,expenses:entertainment.vacation=1	Transaero	AIRLINES, AIR CARRIERS	Transaero	3090	expenses:transport.flights=10,expenses:entertainment.vacation=1	Uni Airways Corporation	AIRLINES, AIR CARRIERS	Uni Airways Corporation	3094	expenses:transport.flights=10,expenses:entertainment.vacation=1	Zambia Airways	AIRLINES, AIR CARRIERS	Zambia Airways	3096	expenses:transport.flights=10,expenses:entertainment.vacation=1	Air Zimbabwe	AIRLINES, AIR CARRIERS	Air Zimbabwe	3097	expenses:transport.flights=10,expenses:entertainment.vacation=1	Spanair	AIRLINES, AIR CARRIERS	Spanair	3098	expenses:transport.flights=10,expenses:entertainment.vacation=1	Asiana Airlines	AIRLINES, AIR CARRIERS	Asiana Airlines	3099	expenses:transport.flights=10,expenses:entertainment.vacation=1	Cathay Pacific	AIRLINES, AIR CARRIERS	Cathay Pacific	3100	expenses:transport.flights=10,expenses:entertainment.vacation=1	Malaysian Airline System	AIRLINES, AIR CARRIERS	Malaysian Airline System	3102	expenses:transport.flights=10,expenses:entertainment.vacation=1	Iberia	AIRLINES, AIR CARRIERS	Iberia	3103	expenses:transport.flights=10,expenses:entertainment.vacation=1	Garuda	AIRLINES, AIR CARRIERS	Garuda (Indonesia)	3106	expenses:transport.flights=10,expenses:entertainment.vacation=1	Braathens	AIRLINES, AIR CARRIERS	Braathens S.A.F.E. (Norway)	3111	expenses:transport.flights=10,expenses:entertainment.vacation=1	British Midland	AIRLINES, AIR CARRIERS	British Midland	3112	expenses:transport.flights=10,expenses:entertainment.vacation=1	Windward Island	AIRLINES, AIR CARRIERS	Windward Island	3115	expenses:transport.flights=10,expenses:entertainment.vacation=1	Tower Air	AIRLINES, AIR CARRIERS	Tower Air (Visa Only)	3117	expenses:transport.flights=10,expenses:entertainment.vacation=1	Venezolana International De Aviacion	AIRLINES, AIR CARRIERS	Venezolana International De Aviacion (Visa Only)	3118	expenses:transport.flights=10,expenses:entertainment.vacation=1	Valley Airlines	AIRLINES, AIR CARRIERS	Valley Airlines (Visa Only)	3125	expenses:transport.flights=10,expenses:entertainment.vacation=1	Tan	AIRLINES, AIR CARRIERS	Tan	3126	expenses:transport.flights=10,expenses:entertainment.vacation=1	Talair	AIRLINES, AIR CARRIERS	Talair (Visa Only)	3127	expenses:transport.flights=10,expenses:entertainment.vacation=1	TACA International	AIRLINES, AIR CARRIERS	TACA International	3129	expenses:transport.flights=10,expenses:entertainment.vacation=1	Surinam Airway	AIRLINES, AIR CARRIERS	Surinam Airway	3130	expenses:transport.flights=10,expenses:entertainment.vacation=1	Sun World International	AIRLINES, AIR CARRIERS	Sun World International	3131	expenses:transport.flights=10,expenses:entertainment.vacation=1	VLM Airlines	AIRLINES, AIR CARRIERS	VLM Airlines	3132	expenses:transport.flights=10,expenses:entertainment.vacation=1	Frontier Airlines	AIRLINES, AIR CARRIERS	Frontier Airlines	3133	expenses:transport.flights=10,expenses:entertainment.vacation=1	Sunbelt Airlines	AIRLINES, AIR CARRIERS	Sunbelt Airlines (Visa Only)	3135	expenses:transport.flights=10,expenses:entertainment.vacation=1	Sudan Airways	AIRLINES, AIR CARRIERS	Sudan Airways	3136	expenses:transport.flights=10,expenses:entertainment.vacation=1	Qatar Airways	AIRLINES, AIR CARRIERS	Qatar Airways	3143	expenses:transport.flights=10,expenses:entertainment.vacation=1	Scenic Airlines	AIRLINES, AIR CARRIERS	Scenic Airlines (Visa Only)	3144	expenses:transport.flights=10,expenses:entertainment.vacation=1	Virgin Atlantic	AIRLINES, AIR CARRIERS	Virgin Atlantic	3145	expenses:transport.flights=10,expenses:entertainment.vacation=1	San Juan Airlines	AIRLINES, AIR CARRIERS	San Juan Airlines (Visa Only)	3146	expenses:transport.flights=10,expenses:entertainment.vacation=1	LUXAIR	AIRLINES, AIR CARRIERS	LUXAIR	3148	expenses:transport.flights=10,expenses:entertainment.vacation=1	Air Littoral	AIRLINES, AIR CARRIERS	Air Littoral SA	3151	expenses:transport.flights=10,expenses:entertainment.vacation=1	Air Zaire	AIRLINES, AIR CARRIERS	Air Zaire	3154	expenses:transport.flights=10,expenses:entertainment.vacation=1	Princeville	AIRLINES, AIR CARRIERS	Princeville (Visa Only)	3156	expenses:transport.flights=10,expenses:entertainment.vacation=1	Go Fly Ltd.	AIRLINES, AIR CARRIERS	Go Fly Ltd.	3159	expenses:transport.flights=10,expenses:entertainment.vacation=1	Provincetown-Boston Airways	AIRLINES, AIR CARRIERS	Provincetown-Boston Airways (PBA)	3161	expenses:transport.flights=10,expenses:entertainment.vacation=1	All Nippon Airways	AIRLINES, AIR CARRIERS	All Nippon Airways	3164	expenses:transport.flights=10,expenses:entertainment.vacation=1	Norontair	AIRLINES, AIR CARRIERS	Norontair	3165	expenses:transport.flights=10,expenses:entertainment.vacation=1	New York Helicopter	AIRLINES, AIR CARRIERS	New York Helicopter (Visa Only)	3167	expenses:transport.flights=10,expenses:entertainment.vacation=1	Aero Continente	AIRLINES, AIR CARRIERS	Aero Continente — Aerocontinente	3170	expenses:transport.flights=10,expenses:entertainment.vacation=1	Mount Cook	AIRLINES, AIR CARRIERS	Mount Cook (Visa Only)	3171	expenses:transport.flights=10,expenses:entertainment.vacation=1	Canadian Airlines International	AIRLINES, AIR CARRIERS	Canadian Airlines International	3172	expenses:transport.flights=10,expenses:entertainment.vacation=1	Nationair	AIRLINES, AIR CARRIERS	Nationair	3174	expenses:transport.flights=10,expenses:entertainment.vacation=1	Jetblue	AIRLINES, AIR CARRIERS	Jetblue	3175	expenses:transport.flights=10,expenses:entertainment.vacation=1	Middle East Air	AIRLINES, AIR CARRIERS	Middle East Air	3177	expenses:transport.flights=10,expenses:entertainment.vacation=1	Air Tran Airways	AIRLINES, AIR CARRIERS	Air Tran Airways	3178	expenses:transport.flights=10,expenses:entertainment.vacation=1	Mesa Air	AIRLINES, AIR CARRIERS	Mesa Air	3180	expenses:transport.flights=10,expenses:entertainment.vacation=1	Westjet Airlines Ltd	AIRLINES, AIR CARRIERS	Westjet Airlines Ltd	3181	expenses:transport.flights=10,expenses:entertainment.vacation=1	Malev	AIRLINES, AIR CARRIERS	Malev	3182	expenses:transport.flights=10,expenses:entertainment.vacation=1	Lot	AIRLINES, AIR CARRIERS	Lot (POLAND)	3183	expenses:transport.flights=10,expenses:entertainment.vacation=1	Oman Aviation Services	AIRLINES, AIR CARRIERS	Oman Aviation Services	3184	expenses:transport.flights=10,expenses:entertainment.vacation=1	Liat	AIRLINES, AIR CARRIERS	Liat	3185	expenses:transport.flights=10,expenses:entertainment.vacation=1	Linea Aeropostal Venezolana	AIRLINES, AIR CARRIERS	Linea Aeropostal Venezolana (Lav) (Venezuela)	3186	expenses:transport.flights=10,expenses:entertainment.vacation=1	Lineas Aereas Paraguayas	AIRLINES, AIR CARRIERS	Lineas Aereas Paraguayas (Lap) (Paraguay)	3187	expenses:transport.flights=10,expenses:entertainment.vacation=1	Lacsa	AIRLINES, AIR CARRIERS	Lacsa (Costa Rica)	3188	expenses:transport.flights=10,expenses:entertainment.vacation=1	Virgin Express	AIRLINES, AIR CARRIERS	Virgin Express	3190	expenses:transport.flights=10,expenses:entertainment.vacation=1	Jugoslav Air	AIRLINES, AIR CARRIERS	Jugoslav Air	3191	expenses:transport.flights=10,expenses:entertainment.vacation=1	Island Airlines	AIRLINES, AIR CARRIERS	Island Airlines	3192	expenses:transport.flights=10,expenses:entertainment.vacation=1	Iran Air	AIRLINES, AIR CARRIERS	Iran Air	3193	expenses:transport.flights=10,expenses:entertainment.vacation=1	Indian Airlines	AIRLINES, AIR CARRIERS	Indian Airlines	3196	expenses:transport.flights=10,expenses:entertainment.vacation=1	Hawaiian Air	AIRLINES, AIR CARRIERS	Hawaiian Air	3197	expenses:transport.flights=10,expenses:entertainment.vacation=1	Havasu Airlines	AIRLINES, AIR CARRIERS	Havasu Airlines	3200	expenses:transport.flights=10,expenses:entertainment.vacation=1	Guyana Airways	AIRLINES, AIR CARRIERS	Guyana Airways	3203	expenses:transport.flights=10,expenses:entertainment.vacation=1	Golden Pacific Air	AIRLINES, AIR CARRIERS	Golden Pacific Air (Visa Only)	3204	expenses:transport.flights=10,expenses:entertainment.vacation=1	Freedom Air	AIRLINES, AIR CARRIERS	Freedom Air	3206	expenses:transport.flights=10,expenses:entertainment.vacation=1	China Eastern Airlines	AIRLINES, AIR CARRIERS	China Eastern Airlines	3211	expenses:transport.flights=10,expenses:entertainment.vacation=1	Norwegian	AIRLINES, AIR CARRIERS	Norwegian Air Shuttle	3212	expenses:transport.flights=10,expenses:entertainment.vacation=1	Dominicana	AIRLINES, AIR CARRIERS	Dominicana	3213	expenses:transport.flights=10,expenses:entertainment.vacation=1	Malmo Aviation	AIRLINES, AIR CARRIERS	Malmo Aviation	3215	expenses:transport.flights=10,expenses:entertainment.vacation=1	Dan Air Services	AIRLINES, AIR CARRIERS	Dan Air Services (Visa Only)	3216	expenses:transport.flights=10,expenses:entertainment.vacation=1	Cumberland Airlines	AIRLINES, AIR CARRIERS	Cumberland Airlines (Visa Only)	3217	expenses:transport.flights=10,expenses:entertainment.vacation=1	Ceskoslovenske Aerolinie	AIRLINES, AIR CARRIERS	Ceskoslovenske Aerolinie (CSA)	3218	expenses:transport.flights=10,expenses:entertainment.vacation=1	Crown Air	AIRLINES, AIR CARRIERS	Crown Air (Visa Only)	3219	expenses:transport.flights=10,expenses:entertainment.vacation=1	Compania Panamena De Aviacion	AIRLINES, AIR CARRIERS	Compania Panamena De Aviacion (COPA)	3220	expenses:transport.flights=10,expenses:entertainment.vacation=1	Compania Faucett	AIRLINES, AIR CARRIERS	Compania Faucett	3221	expenses:transport.flights=10,expenses:entertainment.vacation=1	Transportes Aeros Militares Ecuatorianos	AIRLINES, AIR CARRIERS	Transportes Aeros Militares Ecuatorianos	3222	expenses:transport.flights=10,expenses:entertainment.vacation=1	Command Airways	AIRLINES, AIR CARRIERS	Command Airways	3223	expenses:transport.flights=10,expenses:entertainment.vacation=1	Comair	AIRLINES, AIR CARRIERS	Comair	3226	expenses:transport.flights=10,expenses:entertainment.vacation=1	Skyways Air	AIRLINES, AIR CARRIERS	Skyways Air	3228	expenses:transport.flights=10,expenses:entertainment.vacation=1	Cayman Airways	AIRLINES, AIR CARRIERS	Cayman Airways	3229	expenses:transport.flights=10,expenses:entertainment.vacation=1	Saeta	AIRLINES, AIR CARRIERS	Saeta (Sociedad Ecuatorianos De Transportes Aereos)	3231	expenses:transport.flights=10,expenses:entertainment.vacation=1	Sahsa	AIRLINES, AIR CARRIERS	Sahsa (Servicio Aero De Honduras)	3233	expenses:transport.flights=10,expenses:entertainment.vacation=1	Capitol Air	AIRLINES, AIR CARRIERS	Capitol Air (Visa Only)	3234	expenses:transport.flights=10,expenses:entertainment.vacation=1	British West Indies Airways	AIRLINES, AIR CARRIERS	British West Indies Airways (BWIA)	3235	expenses:transport.flights=10,expenses:entertainment.vacation=1	Brockway Air	AIRLINES, AIR CARRIERS	Brockway Air (Visa Only)	3236	expenses:transport.flights=10,expenses:entertainment.vacation=1	Air Arabia Airlines	AIRLINES, AIR CARRIERS	Air Arabia Airlines	3238	expenses:transport.flights=10,expenses:entertainment.vacation=1	Bemidji Airlines	AIRLINES, AIR CARRIERS	Bemidji Airlines (Visa only)	3239	expenses:transport.flights=10,expenses:entertainment.vacation=1	Bar Harbor Airlines	AIRLINES, AIR CARRIERS	Bar Harbor Airlines	3240	expenses:transport.flights=10,expenses:entertainment.vacation=1	Bahamasair	AIRLINES, AIR CARRIERS	Bahamasair	3241	expenses:transport.flights=10,expenses:entertainment.vacation=1	Aviateca	AIRLINES, AIR CARRIERS	Aviateca (Guatemala)	3242	expenses:transport.flights=10,expenses:entertainment.vacation=1	Avensa	AIRLINES, AIR CARRIERS	Avensa	3243	expenses:transport.flights=10,expenses:entertainment.vacation=1	Austrian Air Service	AIRLINES, AIR CARRIERS	Austrian Air Service	3245	expenses:transport.flights=10,expenses:entertainment.vacation=1	Easyjet Airlines	AIRLINES, AIR CARRIERS	Easyjet Airlines	3246	expenses:transport.flights=10,expenses:entertainment.vacation=1	Ryanair	AIRLINES, AIR CARRIERS	Ryanair	3247	expenses:transport.flights=10,expenses:entertainment.vacation=1	Gol Airlways	AIRLINES, AIR CARRIERS	Gol Airlways	3248	expenses:transport.flights=10,expenses:entertainment.vacation=1	Tam Airlines	AIRLINES, AIR CARRIERS	Tam Airlines	3251	expenses:transport.flights=10,expenses:entertainment.vacation=1	Aloha Airlines	AIRLINES, AIR CARRIERS	Aloha Airlines	3252	expenses:transport.flights=10,expenses:entertainment.vacation=1	Antilean Airlines	AIRLINES, AIR CARRIERS	Antilean Airlines (ALM)	3253	expenses:transport.flights=10,expenses:entertainment.vacation=1	America West	AIRLINES, AIR CARRIERS	America West	3254	expenses:transport.flights=10,expenses:entertainment.vacation=1	US Air Shuttle	AIRLINES, AIR CARRIERS	US Air Shuttle (Visa Only)	3256	expenses:transport.flights=10,expenses:entertainment.vacation=1	Alaska Airlines	AIRLINES, AIR CARRIERS	Alaska Airlines	3259	expenses:transport.flights=10,expenses:entertainment.vacation=1	American Trans Air	AIRLINES, AIR CARRIERS	American Trans Air	3260	expenses:transport.flights=10,expenses:entertainment.vacation=1	Spirit Airlines	AIRLINES, AIR CARRIERS	Spirit Airlines	3261	expenses:transport.flights=10,expenses:entertainment.vacation=1	Air China	AIRLINES, AIR CARRIERS	Air China	3262	expenses:transport.flights=10,expenses:entertainment.vacation=1	Reno Air	AIRLINES, AIR CARRIERS	Reno Air Inc (Visa only)	3263	expenses:transport.flights=10,expenses:entertainment.vacation=1	Asc Airline	AIRLINES, AIR CARRIERS	Asc Airline (M/C Only)	3266	expenses:transport.flights=10,expenses:entertainment.vacation=1	Air Seychelles	AIRLINES, AIR CARRIERS	Air Seychelles	3267	expenses:transport.flights=10,expenses:entertainment.vacation=1	Air Panama	AIRLINES, AIR CARRIERS	Air Panama	3280	expenses:transport.flights=10,expenses:entertainment.vacation=1	Air Jamaica	AIRLINES, AIR CARRIERS	Air Jamaica	3282	expenses:transport.flights=10,expenses:entertainment.vacation=1	Air Djibouti	AIRLINES, AIR CARRIERS	Air Djibouti	3284	expenses:transport.flights=10,expenses:entertainment.vacation=1	Aero Virgin Islands	AIRLINES, AIR CARRIERS	Aero Virgin Islands	3285	expenses:transport.flights=10,expenses:entertainment.vacation=1	Aero Peru	AIRLINES, AIR CARRIERS	Aero Peru	3286	expenses:transport.flights=10,expenses:entertainment.vacation=1	Aerolineas Nicaraguensis	AIRLINES, AIR CARRIERS	Aerolineas Nicaraguensis	3287	expenses:transport.flights=10,expenses:entertainment.vacation=1	Aero Coach Aviation	AIRLINES, AIR CARRIERS	Aero Coach Aviation	3292	expenses:transport.flights=10,expenses:entertainment.vacation=1	Cyprus Airways	AIRLINES, AIR CARRIERS	Cyprus Airways	3293	expenses:transport.flights=10,expenses:entertainment.vacation=1	Equatoriana	AIRLINES, AIR CARRIERS	Equatoriana	3294	expenses:transport.flights=10,expenses:entertainment.vacation=1	Ethiopian Airlines	AIRLINES, AIR CARRIERS	Ethiopian Airlines	3295	expenses:transport.flights=10,expenses:entertainment.vacation=1	Kenya Airways	AIRLINES, AIR CARRIERS	Kenya Airways	3296	expenses:transport.flights=10,expenses:entertainment.vacation=1	Air Berlin	AIRLINES, AIR CARRIERS	Air Berlin PLC & Co. Luftverkehrs KG (MC effective now, Visa – 10/2006)	3297	expenses:transport.flights=10,expenses:entertainment.vacation=1	Tarom Romanian Air Transport	AIRLINES, AIR CARRIERS	Tarom Romanian Air Transport	3298	expenses:transport.flights=10,expenses:entertainment.vacation=1	Air Mauritius	AIRLINES, AIR CARRIERS	Air Mauritius	3299	expenses:transport.flights=10,expenses:entertainment.vacation=1	Wideroe	AIRLINES, AIR CARRIERS	Wideroe’s Flyveselskap	8398	expenses:misc.charity=1		ASSOCIATIONS/ORGANIZATIONS	Charitable and Social Service Organizations	8641			ASSOCIATIONS/ORGANIZATIONS	Civic, Social, and Fraternal Associations	8651			ASSOCIATIONS/ORGANIZATIONS	Political Organizations	8661			ASSOCIATIONS/ORGANIZATIONS	Religious Organizations	8675			ASSOCIATIONS/ORGANIZATIONS	Automobile Associations	8699	expenses:home.incurences-fees=1		ASSOCIATIONS/ORGANIZATIONS	Membership Organizations — Not Elsewhere Classified	8734			ASSOCIATIONS/ORGANIZATIONS	Testing Laboratories (Non-Medical Testing)	8911			ASSOCIATIONS/ORGANIZATIONS	Architectural, Engineering, and Surveying Services	8931			ASSOCIATIONS/ORGANIZATIONS	Accounting, Auditing and Bookkeeping Service	8999			ASSOCIATIONS/ORGANIZATIONS	Professional Services — Not Elsewhere Classified	9211			ASSOCIATIONS/ORGANIZATIONS	Court Costs, Including Alimony and Child Support	9222			ASSOCIATIONS/ORGANIZATIONS	Fines	9223			ASSOCIATIONS/ORGANIZATIONS	Bail and Bond Payments	9311			ASSOCIATIONS/ORGANIZATIONS	Tax Payments	9399			ASSOCIATIONS/ORGANIZATIONS	Government Services — Not Elsewhere Classified	9402	expenses:home.services=1		ASSOCIATIONS/ORGANIZATIONS	Postal Services — Government Only	9405			ASSOCIATIONS/ORGANIZATIONS	US Federal Government Agencies Or Departments	9700			ASSOCIATIONS/ORGANIZATIONS	Automated Referral Service (Visa Only)	9701			ASSOCIATIONS/ORGANIZATIONS	Visa Credential Service (Visa Only)	9702			ASSOCIATIONS/ORGANIZATIONS	Emergency Services (Visa Only)	9751	expenses:food.groceries=1		ASSOCIATIONS/ORGANIZATIONS	U.K. Supermarkets — Electronic Hot File (For Regional Use Only)	9752	expenses:transport.car=1		ASSOCIATIONS/ORGANIZATIONS	U.K. Petrol Stations — Electronic Hot File (Fore Regional UseOnly)	9950			ASSOCIATIONS/ORGANIZATIONS	Intra-Company Purchases	5511	expenses:transport.car=1		ASSOCIATIONS/ORGANIZATIONS	Car and Truck Dealers (New and Used) Sales, Service, Repairs, Parts and Leasing	5521	expenses:transport.car=1		ASSOCIATIONS/ORGANIZATIONS	Car and Truck Dealers (Used Only) Sales, Service, Repairs, Parts and Leasing	5531			ASSOCIATIONS/ORGANIZATIONS	Auto Stores, Home Supply Stores (M/C Only)	5532	expenses:transport.car=1		ASSOCIATIONS/ORGANIZATIONS	Automotive Tire Stores	5533	expenses:transport.car=1		ASSOCIATIONS/ORGANIZATIONS	Automotive Parts and Accessories Stores	7012			ASSOCIATIONS/ORGANIZATIONS	Timeshares	7032	expenses:entertainment.sport=1		ASSOCIATIONS/ORGANIZATIONS	Sporting and Recreational Camps	7033			ASSOCIATIONS/ORGANIZATIONS	Trailer Parks and Campgrounds	7531	expenses:transport.car=1		ASSOCIATIONS/ORGANIZATIONS	Automotive Body Repair Shops	7534	expenses:transport.car=1		ASSOCIATIONS/ORGANIZATIONS	Tire Retreading and Repair Shops	7535	expenses:transport.car=1		ASSOCIATIONS/ORGANIZATIONS	Automotive Paint Shops	7538	expenses:transport.car=1		ASSOCIATIONS/ORGANIZATIONS	Automotive Services Shops (Non-Dealer)	7542	expenses:transport.car=1		ASSOCIATIONS/ORGANIZATIONS	Car Washes	7549			ASSOCIATIONS/ORGANIZATIONS	Towing Services	0742	expenses:misc.pets=1		BUSINESS/PROFESSIONAL/MISCELLANEOUS SERVICES	Veterinary Services	0763			BUSINESS/PROFESSIONAL/MISCELLANEOUS SERVICES	Agricultural cooperative	0780			BUSINESS/PROFESSIONAL/MISCELLANEOUS SERVICES	Horticultural and Landscaping Services	4214	expenses:home.services=1		BUSINESS/PROFESSIONAL/MISCELLANEOUS SERVICES	Motor Freight Carriers and Trucking — Local & Long Distance, Moving & Storage Companies & Local Delivery Services	4215			BUSINESS/PROFESSIONAL/MISCELLANEOUS SERVICES	Courier Services — Air & Ground and Freight Forwarders	4225			BUSINESS/PROFESSIONAL/MISCELLANEOUS SERVICES	Public Warehousing and Storage — Farm Products, Refrigerated Goods, Household Goods, and Storage	5199			BUSINESS/PROFESSIONAL/MISCELLANEOUS SERVICES	Nondurable Goods (Not Elsewhere Classified)	5960	expenses:home.incurences-fees=1		BUSINESS/PROFESSIONAL/MISCELLANEOUS SERVICES	Direct Marketing — Insurance Services	5962	expenses:entertainment.vacation=1		BUSINESS/PROFESSIONAL/MISCELLANEOUS SERVICES	Direct Marketing — Travel-Related Arrangement Services	5963			BUSINESS/PROFESSIONAL/MISCELLANEOUS SERVICES	Door-To-Door Sales	5964			BUSINESS/PROFESSIONAL/MISCELLANEOUS SERVICES	Direct Marketing — Catalog Merchant	5965			BUSINESS/PROFESSIONAL/MISCELLANEOUS SERVICES	Direct Marketing — Combination Catalog and Retail Merchant	5966	expenses:home.communications=1		BUSINESS/PROFESSIONAL/MISCELLANEOUS SERVICES	Direct Marketing — Outbound Telemarketing Merchant	5967	expenses:home.communications=1		BUSINESS/PROFESSIONAL/MISCELLANEOUS SERVICES	Direct Marketing — Inbound Teleservices Merchant	5968			BUSINESS/PROFESSIONAL/MISCELLANEOUS SERVICES	Direct Marketing — Continuity/Subscription Merchant	5969			BUSINESS/PROFESSIONAL/MISCELLANEOUS SERVICES	Direct Marketing — Other Direct Marketers (Not Elsewhere Classified)	7210	expenses:home.services=1		BUSINESS/PROFESSIONAL/MISCELLANEOUS SERVICES	Laundry, Cleaning and Garment Services	7211	expenses:home.services=1		BUSINESS/PROFESSIONAL/MISCELLANEOUS SERVICES	Laundries — Family and Commercial	7216	expenses:home.services=1		BUSINESS/PROFESSIONAL/MISCELLANEOUS SERVICES	Dry Cleaners	7217	expenses:home.services=1		BUSINESS/PROFESSIONAL/MISCELLANEOUS SERVICES	Carpet and Upholstery Cleaners	7311			BUSINESS/PROFESSIONAL/MISCELLANEOUS SERVICES	Advertising Services	7321			BUSINESS/PROFESSIONAL/MISCELLANEOUS SERVICES	Consumer Credit Reporting Agencies	7392			BUSINESS/PROFESSIONAL/MISCELLANEOUS SERVICES	Management, Consulting, and Public Relations Services	7393	expenses:home.services=1		BUSINESS/PROFESSIONAL/MISCELLANEOUS SERVICES	Detective Agencies, Protective Services, and Security Services, Including Armored Cars, and Guard Dogs	7221			BUSINESS/PROFESSIONAL/MISCELLANEOUS SERVICES	Photographic Studios	7230	expenses:wellness.beauty=1		BUSINESS/PROFESSIONAL/MISCELLANEOUS SERVICES	Barber and Beauty Shops	7251	expenses:home.services=1		BUSINESS/PROFESSIONAL/MISCELLANEOUS SERVICES	Shoe Repair Shops, Shoe Shine Parlors, and Hat Cleaning Shops	7342	expenses:home.services=1		BUSINESS/PROFESSIONAL/MISCELLANEOUS SERVICES	Exterminating and Disinfecting Services	7349	expenses:home.services=1		BUSINESS/PROFESSIONAL/MISCELLANEOUS SERVICES	Cleaning, Maintenance, and Janitorial Services	7361			BUSINESS/PROFESSIONAL/MISCELLANEOUS SERVICES	Employment Agencies and Temporary Help Agency	7394			BUSINESS/PROFESSIONAL/MISCELLANEOUS SERVICES	Equipment, Tool, Furniture and Appliance Rental & Leasing	7395			BUSINESS/PROFESSIONAL/MISCELLANEOUS SERVICES	Photofinishing Laboratories and Photo Developing	7399			BUSINESS/PROFESSIONAL/MISCELLANEOUS SERVICES	Business Services (Not Elsewhere Classified)	8111			BUSINESS/PROFESSIONAL/MISCELLANEOUS SERVICES	Legal Services and Attorneys	3351	expenses:transport.car=1	Affiliated Auto Rental	CAR RENTAL AGENCIES	Affiliated Auto Rental	3352	expenses:transport.car=1	American Intl Rent-A-Car	CAR RENTAL AGENCIES	American Intl Rent-A-Car	3353	expenses:transport.car=1	Brooks Rent-A-Car	CAR RENTAL AGENCIES	Brooks Rent-A-Car	3354	expenses:transport.car=1	Action Auto Rental	CAR RENTAL AGENCIES	Action Auto Rental	3355	expenses:transport.car=1	Sixt Car Rental	CAR RENTAL AGENCIES	Sixt Car Rental	3357	expenses:transport.car=1	Hertz	CAR RENTAL AGENCIES	Hertz	3359	expenses:transport.car=1	Payless Car Rental	CAR RENTAL AGENCIES	Payless Car Rental	3360	expenses:transport.car=1	Snappy Car Rental	CAR RENTAL AGENCIES	Snappy Car Rental	3361	expenses:transport.car=1	Airways Rent-A-Car	CAR RENTAL AGENCIES	Airways Rent-A-Car	3362	expenses:transport.car=1	Altra Auto Rental	CAR RENTAL AGENCIES	Altra Auto Rental	3364	expenses:transport.car=1	Agency Rent-A-Car	CAR RENTAL AGENCIES	Agency Rent-A-Car	3366	expenses:transport.car=1	Budget Rent-A-Car	CAR RENTAL AGENCIES	Budget Rent-A-Car	3368	expenses:transport.car=1	Holiday Rent-A-Car	CAR RENTAL AGENCIES	Holiday Rent-A-Car	3370	expenses:transport.car=1	Rent-A-Wreck	CAR RENTAL AGENCIES	Rent-A-Wreck	3374	expenses:transport.car=1	Accent Rent-A-Car	CAR RENTAL AGENCIES	Accent Rent-A-Car	3376	expenses:transport.car=1	Ajax Rent-A-Car	CAR RENTAL AGENCIES	Ajax Rent-A-Car	3380	expenses:transport.car=1	Triangle Rent-A-Car	CAR RENTAL AGENCIES	Triangle Rent-A-Car	3381	expenses:transport.car=1	EuropCar	CAR RENTAL AGENCIES	EuropCar	3385	expenses:transport.car=1	Tropical Rent-A-Car	CAR RENTAL AGENCIES	Tropical Rent-A-Car	3386	expenses:transport.car=1	Showcase Rental Cars	CAR RENTAL AGENCIES	Showcase Rental Cars	3387	expenses:transport.car=1	Alamo Rent-A-Car	CAR RENTAL AGENCIES	Alamo Rent-A-Car	3388	expenses:transport.car=1	Merchants Rent-A-Car	CAR RENTAL AGENCIES	Merchants Rent-A-Car	3389	expenses:transport.car=1	Avis Rent-A-Car	CAR RENTAL AGENCIES	Avis Rent-A-Car	3390	expenses:transport.car=1	Dollar Rent-A-Car	CAR RENTAL AGENCIES	Dollar Rent-A-Car	3391	expenses:transport.car=1	Europe By Car	CAR RENTAL AGENCIES	Europe By Car	3393	expenses:transport.car=1	National Car Rental	CAR RENTAL AGENCIES	National Car Rental	3394	expenses:transport.car=1	Kemwall Group Rent-A-Car	CAR RENTAL AGENCIES	Kemwall Group Rent-A-Car	3395	expenses:transport.car=1	Thrifty Car Rental	CAR RENTAL AGENCIES	Thrifty Car Rental	3396	expenses:transport.car=1	Tilden Rent-A-Car	CAR RENTAL AGENCIES	Tilden Rent-A-Car	3398	expenses:transport.car=1	Econo-Car Rent-A-Car	CAR RENTAL AGENCIES	Econo-Car Rent-A-Car	3400	expenses:transport.car=1	Auto Host Car Rentals	CAR RENTAL AGENCIES	Auto Host Car Rentals	3405	expenses:transport.car=1	Enterprise Rent-A-Car	CAR RENTAL AGENCIES	Enterprise Rent-A-Car	3409	expenses:transport.car=1	General Rent-A-Car	CAR RENTAL AGENCIES	General Rent-A-Car	3412	expenses:transport.car=1	A-1 Rent-A-Car	CAR RENTAL AGENCIES	A-1 Rent-A-Car	3414	expenses:transport.car=1	Godfrey National Rent-A-Car	CAR RENTAL AGENCIES	Godfrey National Rent-A-Car (Visa Only)	3420	expenses:transport.car=1	Ansa International Rent-A-Car	CAR RENTAL AGENCIES	Ansa International Rent-A-Car	3421	expenses:transport.car=1	Allstate Rent-A-Car	CAR RENTAL AGENCIES	Allstate Rent-A-Car	3423	expenses:transport.car=1	Avcar Rent-A-Car	CAR RENTAL AGENCIES	Avcar Rent-A-Car	3425	expenses:transport.car=1	Automate Rent-A-Car	CAR RENTAL AGENCIES	Automate Rent-A-Car	3427	expenses:transport.car=1	Avon Rent-A-Car	CAR RENTAL AGENCIES	Avon Rent-A-Car	3428	expenses:transport.car=1	Carey Rent-A-Car	CAR RENTAL AGENCIES	Carey Rent-A-Car	3429	expenses:transport.car=1	Insurance Rent-A-Car	CAR RENTAL AGENCIES	Insurance Rent-A-Car	3430	expenses:transport.car=1	Major Rent-A-Car	CAR RENTAL AGENCIES	Major Rent-A-Car	3431	expenses:transport.car=1	Replacement Rent-A-Car	CAR RENTAL AGENCIES	Replacement Rent-A-Car	3432	expenses:transport.car=1	Reserve Rent-A-Car	CAR RENTAL AGENCIES	Reserve Rent-A-Car	3433	expenses:transport.car=1	Ugly Duckling Rent-A-Car	CAR RENTAL AGENCIES	Ugly Duckling Rent-A-Car	3434	expenses:transport.car=1	USA Rent-A-Car	CAR RENTAL AGENCIES	USA Rent-A-Car	3435	expenses:transport.car=1	Value Rent-A-Car	CAR RENTAL AGENCIES	Value Rent-A-Car	3436	expenses:transport.car=1	Autohansa Rent-A-Car	CAR RENTAL AGENCIES	Autohansa Rent-A-Car	3437	expenses:transport.car=1	Cite Rent-A-Car	CAR RENTAL AGENCIES	Cite Rent-A-Car (Visa Only)	3438	expenses:transport.car=1	Interent Rent-A-Car	CAR RENTAL AGENCIES	Interent Rent-A-Car	3439	expenses:transport.car=1	Milleville Rent-A-Car	CAR RENTAL AGENCIES	Milleville Rent-A-Car	3441	expenses:transport.car=1	Advantage Rent-A-Car	CAR RENTAL AGENCIES	Advantage Rent-A-Car	5094	expenses:shopping.clothes=1		CLOTHING/SHOES/ACCESSORIES/UNIFORMS/RETAIL STORES/BUYING AND SELLING SERVICES	Precious Stones and Metals, Watches and Jewelry	5099			CLOTHING/SHOES/ACCESSORIES/UNIFORMS/RETAIL STORES/BUYING AND SELLING SERVICES	Durable Goods (Not Elsewhere Classified)	5111			CLOTHING/SHOES/ACCESSORIES/UNIFORMS/RETAIL STORES/BUYING AND SELLING SERVICES	Stationary, Office Supplies, Printing and Writing Paper	5131			CLOTHING/SHOES/ACCESSORIES/UNIFORMS/RETAIL STORES/BUYING AND SELLING SERVICES	Piece Goods, Notions, and Other Dry Goods	5137	expenses:shopping.clothes=1		CLOTHING/SHOES/ACCESSORIES/UNIFORMS/RETAIL STORES/BUYING AND SELLING SERVICES	Men’s, Women’s, and Children’s Uniforms and Commercial Clothing	5139	expenses:shopping.clothes=1		CLOTHING/SHOES/ACCESSORIES/UNIFORMS/RETAIL STORES/BUYING AND SELLING SERVICES	Commercial Footwear	5192	expenses:shopping.books=1		CLOTHING/SHOES/ACCESSORIES/UNIFORMS/RETAIL STORES/BUYING AND SELLING SERVICES	Books, Periodicals, and Newspapers	5193	expenses:house.garden=1		CLOTHING/SHOES/ACCESSORIES/UNIFORMS/RETAIL STORES/BUYING AND SELLING SERVICES	Florists Supplies, Nursery Stock and Flowers	5300			CLOTHING/SHOES/ACCESSORIES/UNIFORMS/RETAIL STORES/BUYING AND SELLING SERVICES	Wholesale Clubs	5309			CLOTHING/SHOES/ACCESSORIES/UNIFORMS/RETAIL STORES/BUYING AND SELLING SERVICES	Duty Free Stores	5310			CLOTHING/SHOES/ACCESSORIES/UNIFORMS/RETAIL STORES/BUYING AND SELLING SERVICES	Discount Stores	5311			CLOTHING/SHOES/ACCESSORIES/UNIFORMS/RETAIL STORES/BUYING AND SELLING SERVICES	Department Stores	5331			CLOTHING/SHOES/ACCESSORIES/UNIFORMS/RETAIL STORES/BUYING AND SELLING SERVICES	Variety Stores	5399			CLOTHING/SHOES/ACCESSORIES/UNIFORMS/RETAIL STORES/BUYING AND SELLING SERVICES	Miscellaneous General Merchandise	5631	expenses:shopping.clothes=1		CLOTHING/SHOES/ACCESSORIES/UNIFORMS/RETAIL STORES/BUYING AND SELLING SERVICES	Women’s Accessory and Specialty Shops	5641	expenses:misc.kids=1		CLOTHING/SHOES/ACCESSORIES/UNIFORMS/RETAIL STORES/BUYING AND SELLING SERVICES	Children’s and Infants Wear Stores	5651	expenses:shopping.clothes=1		CLOTHING/SHOES/ACCESSORIES/UNIFORMS/RETAIL STORES/BUYING AND SELLING SERVICES	Family Clothing Stores	5611	expenses:shopping.clothes=1		CLOTHING/SHOES/ACCESSORIES/UNIFORMS/RETAIL STORES/BUYING AND SELLING SERVICES	Men’s and Boy’s Clothing Accessories Stores	5621	expenses:shopping.clothes=1		CLOTHING/SHOES/ACCESSORIES/UNIFORMS/RETAIL STORES/BUYING AND SELLING SERVICES	Women’s Ready-to-Wear Stores	5655	expenses:shopping.hobby=1		CLOTHING/SHOES/ACCESSORIES/UNIFORMS/RETAIL STORES/BUYING AND SELLING SERVICES	Sports and Riding Apparel Stores	5661	expenses:shopping.clothes=1		CLOTHING/SHOES/ACCESSORIES/UNIFORMS/RETAIL STORES/BUYING AND SELLING SERVICES	Shoe Stores	5681	expenses:shopping.clothes=1		CLOTHING/SHOES/ACCESSORIES/UNIFORMS/RETAIL STORES/BUYING AND SELLING SERVICES	Furriers and Fur Shops	5691	expenses:shopping.clothes=1		CLOTHING/SHOES/ACCESSORIES/UNIFORMS/RETAIL STORES/BUYING AND SELLING SERVICES	Men’s and Women’s Clothing Stores	5697	expenses:home.services=1		CLOTHING/SHOES/ACCESSORIES/UNIFORMS/RETAIL STORES/BUYING AND SELLING SERVICES	Tailors, Seamstresses, Mending and Alterations	5698			CLOTHING/SHOES/ACCESSORIES/UNIFORMS/RETAIL STORES/BUYING AND SELLING SERVICES	Wig and Toupee Stores	5699	expenses:shopping.clothes=1		CLOTHING/SHOES/ACCESSORIES/UNIFORMS/RETAIL STORES/BUYING AND SELLING SERVICES	Miscellaneous Apparel and Accessory Shops	5733	expenses:shopping.hobby=1		CLOTHING/SHOES/ACCESSORIES/UNIFORMS/RETAIL STORES/BUYING AND SELLING SERVICES	Music Stores — Musical Instruments, Pianos & Sheet Music	5735			CLOTHING/SHOES/ACCESSORIES/UNIFORMS/RETAIL STORES/BUYING AND SELLING SERVICES	Record Stores	5931	expenses:shopping.clothes=1		CLOTHING/SHOES/ACCESSORIES/UNIFORMS/RETAIL STORES/BUYING AND SELLING SERVICES	Used Merchandise and Secondhand Stores	5932			CLOTHING/SHOES/ACCESSORIES/UNIFORMS/RETAIL STORES/BUYING AND SELLING SERVICES	Antique Stores — Sales, Repairs and Restoration Services	5933			CLOTHING/SHOES/ACCESSORIES/UNIFORMS/RETAIL STORES/BUYING AND SELLING SERVICES	Pawn Shops	5935			CLOTHING/SHOES/ACCESSORIES/UNIFORMS/RETAIL STORES/BUYING AND SELLING SERVICES	Wrecking and Salvage Yards	5937			CLOTHING/SHOES/ACCESSORIES/UNIFORMS/RETAIL STORES/BUYING AND SELLING SERVICES	Antique Reproductions	5940	expenses:shopping.hobby=1		CLOTHING/SHOES/ACCESSORIES/UNIFORMS/RETAIL STORES/BUYING AND SELLING SERVICES	Bicycle Shops — Sales and Service	5941	expenses:shopping.hobby=1		CLOTHING/SHOES/ACCESSORIES/UNIFORMS/RETAIL STORES/BUYING AND SELLING SERVICES	Sporting Goods Stores	5942	expenses:shopping.books=1		CLOTHING/SHOES/ACCESSORIES/UNIFORMS/RETAIL STORES/BUYING AND SELLING SERVICES	Book Stores	5943			CLOTHING/SHOES/ACCESSORIES/UNIFORMS/RETAIL STORES/BUYING AND SELLING SERVICES	Stationary Stores, Office and School Supply Stores	5944	expenses:shopping.clothes=1		CLOTHING/SHOES/ACCESSORIES/UNIFORMS/RETAIL STORES/BUYING AND SELLING SERVICES	Jewelry Stores, Watches, Clocks and Silverware Stores	5945	expenses:shopping.books=1		CLOTHING/SHOES/ACCESSORIES/UNIFORMS/RETAIL STORES/BUYING AND SELLING SERVICES	Hobby, Toy, and Games Shops	5946			CLOTHING/SHOES/ACCESSORIES/UNIFORMS/RETAIL STORES/BUYING AND SELLING SERVICES	Camera and Photographic Supply Stores	5947	expenses:shopping.other=1		CLOTHING/SHOES/ACCESSORIES/UNIFORMS/RETAIL STORES/BUYING AND SELLING SERVICES	Gift, Card, Novelty and Souvenir Shops	5948	expenses:shopping.clothes=1		CLOTHING/SHOES/ACCESSORIES/UNIFORMS/RETAIL STORES/BUYING AND SELLING SERVICES	Luggage and Leather Goods Stores	5949	expenses:shopping.hobby=1		CLOTHING/SHOES/ACCESSORIES/UNIFORMS/RETAIL STORES/BUYING AND SELLING SERVICES	Sewing, Needlework, Fabric and Piece Goods Stores	5950	expenses:house.fitment=1		CLOTHING/SHOES/ACCESSORIES/UNIFORMS/RETAIL STORES/BUYING AND SELLING SERVICES	Glassware/Crystal Stores	5970			CLOTHING/SHOES/ACCESSORIES/UNIFORMS/RETAIL STORES/BUYING AND SELLING SERVICES	Artist’s Supply and Craft Stores	5971			CLOTHING/SHOES/ACCESSORIES/UNIFORMS/RETAIL STORES/BUYING AND SELLING SERVICES	Art Dealers and Galleries	5972			CLOTHING/SHOES/ACCESSORIES/UNIFORMS/RETAIL STORES/BUYING AND SELLING SERVICES	Stamp and Coin Stores	5973			CLOTHING/SHOES/ACCESSORIES/UNIFORMS/RETAIL STORES/BUYING AND SELLING SERVICES	Religious Goods Stores	5977	expenses:wellness.beauty=1		CLOTHING/SHOES/ACCESSORIES/UNIFORMS/RETAIL STORES/BUYING AND SELLING SERVICES	Cosmetic Stores	5992	expenses:house.garden=1		CLOTHING/SHOES/ACCESSORIES/UNIFORMS/RETAIL STORES/BUYING AND SELLING SERVICES	Florists	5993	expenses:food.alcohol-tobacco=1		CLOTHING/SHOES/ACCESSORIES/UNIFORMS/RETAIL STORES/BUYING AND SELLING SERVICES	Cigar Stores and Stands	5994	expenses:shopping.books=1		CLOTHING/SHOES/ACCESSORIES/UNIFORMS/RETAIL STORES/BUYING AND SELLING SERVICES	News Dealers and Newsstands	5995	expenses:misc.pets=1		CLOTHING/SHOES/ACCESSORIES/UNIFORMS/RETAIL STORES/BUYING AND SELLING SERVICES	Pet Shops, Pet Foods and Suppliers Stores	5996	expenses:house.repairs=1		CLOTHING/SHOES/ACCESSORIES/UNIFORMS/RETAIL STORES/BUYING AND SELLING SERVICES	Swimming Pools — Sales and Service	5997	expenses:shopping.electronics=1		CLOTHING/SHOES/ACCESSORIES/UNIFORMS/RETAIL STORES/BUYING AND SELLING SERVICES	Electric Razor Stores — Sales and Service	5998			CLOTHING/SHOES/ACCESSORIES/UNIFORMS/RETAIL STORES/BUYING AND SELLING SERVICES	Tent and Awning Shops	5999			CLOTHING/SHOES/ACCESSORIES/UNIFORMS/RETAIL STORES/BUYING AND SELLING SERVICES	Miscellaneous and Specialty Retail Stores	7278			CLOTHING/SHOES/ACCESSORIES/UNIFORMS/RETAIL STORES/BUYING AND SELLING SERVICES	Buying and Shopping Services and Clubs	7296	expenses:shopping.clothes=1		CLOTHING/SHOES/ACCESSORIES/UNIFORMS/RETAIL STORES/BUYING AND SELLING SERVICES	Clothing Rental — Costumes, Uniforms, Formal Wear	8211	expenses:misc.kids=1		EDUCATIONAL SERVICES	Elementary and Secondary Schools	8220			EDUCATIONAL SERVICES	Colleges, Universities, Professional Schools & Junior Colleges	8241			EDUCATIONAL SERVICES	Correspondence Schools	8244			EDUCATIONAL SERVICES	Business and Secretarial Schools	8249			EDUCATIONAL SERVICES	Vocational and Trade Schools	8299			EDUCATIONAL SERVICES	Schools & Educational Services — Not Elsewhere Classified	4812	expenses:home.communications=1		ELECTRONIC AND TECHNICAL SERVICES	Telecommunications Equipment and Telephone Sales	4813	expenses:home.communications=1		ELECTRONIC AND TECHNICAL SERVICES	Special Telecom Merchants (M/C Only)	4814	expenses:home.communications=1		ELECTRONIC AND TECHNICAL SERVICES	Telecommunication Services, Including Local and Long Distance Calls, Credit Card Calls, Calls Through Use of Magnetic Stripe Reading Telephones, and Fax Services	4816	expenses:home.communications=1		ELECTRONIC AND TECHNICAL SERVICES	Computer Network/Information Services	4821			ELECTRONIC AND TECHNICAL SERVICES	Telegraph Services	4829			ELECTRONIC AND TECHNICAL SERVICES	Wire Transfer Money Orders (WTMOS)	4899	expenses:home.communications=1		ELECTRONIC AND TECHNICAL SERVICES	Cable, Satellite & Other Pay Television & Radio Services	5044			ELECTRONIC AND TECHNICAL SERVICES	Photographic, Photocopy, Microfilm Equipment & Supplies	5045			ELECTRONIC AND TECHNICAL SERVICES	Computers & Computer Peripheral Equipment & Software	5732	expenses:shopping.electronics=1		ELECTRONIC AND TECHNICAL SERVICES	Electronics Stores	5734	expenses:shopping.electronics=1		ELECTRONIC AND TECHNICAL SERVICES	Computer Software Stores	5978	expenses:shopping.electronics=1		ELECTRONIC AND TECHNICAL SERVICES	Typewriter Stores — Sales, Rentals, Service	7372			ELECTRONIC AND TECHNICAL SERVICES	Computer Programming, Data Processing, and Integrated Systems Design Services	7375			ELECTRONIC AND TECHNICAL SERVICES	Information Retrieval Services	7379	expenses:shopping.electronics=1		ELECTRONIC AND TECHNICAL SERVICES	Computer Maintenance, Repair & Services (Not Elsewhere Classified)	7333			ELECTRONIC AND TECHNICAL SERVICES	Commercial Photography, Art, and Graphics	7338			ELECTRONIC AND TECHNICAL SERVICES	Quick Copy, Reproduction, and Blueprinting Services	7339			ELECTRONIC AND TECHNICAL SERVICES	Stenographic and Secretarial Support	7829	expenses:entertainment.culture=1		ENTERTAINMENT/THEATER/DANCE STUDIOS	Motion Picture & Video Tape Production & Distribution	7832	expenses:entertainment.culture=1		ENTERTAINMENT/THEATER/DANCE STUDIOS	Motion Picture Theaters	7841	expenses:entertainment.culture=1		ENTERTAINMENT/THEATER/DANCE STUDIOS	Video Tape Rental Stores	7911	expenses:entertainment.sport=1		ENTERTAINMENT/THEATER/DANCE STUDIOS	Dance Halls, Studios and Schools	7922	expenses:entertainment.culture=1		ENTERTAINMENT/THEATER/DANCE STUDIOS	Theatrical Producers (Except Motion Pictures) & Ticket Agencies	7929	expenses:entertainment.culture=1		ENTERTAINMENT/THEATER/DANCE STUDIOS	Bands, Orchestras, and Miscellaneous Entertainers — Not Elsewhere Classified	7932	expenses:entertainment.culture=1		ENTERTAINMENT/THEATER/DANCE STUDIOS	Billiard and Pool Establishments	7933	expenses:entertainment.culture=1		ENTERTAINMENT/THEATER/DANCE STUDIOS	Bowling Alleys	7941	expenses:entertainment.sport=1		ENTERTAINMENT/THEATER/DANCE STUDIOS	Commercial Sports, Professional Sports Club, Athletic Fields, and Sports Promoters	7991	expenses:entertainment.culture=1		ENTERTAINMENT/THEATER/DANCE STUDIOS	Tourists Attractions and Exhibits	7992	expenses:entertainment.sport=1		ENTERTAINMENT/THEATER/DANCE STUDIOS	Public Golf Courses	7993	expenses:entertainment.culture=1		ENTERTAINMENT/THEATER/DANCE STUDIOS	Video Amusement Game Supplies	7994	expenses:entertainment.culture=1		ENTERTAINMENT/THEATER/DANCE STUDIOS	Video Game Arcades/Establishments	7995	expenses:entertainment.culture=1		ENTERTAINMENT/THEATER/DANCE STUDIOS	Betting, Including Lottery Tickets, Casino Gaming Chips, Off-Track Betting, and Wagers at Race Tracks	7996	expenses:entertainment.culture=1		ENTERTAINMENT/THEATER/DANCE STUDIOS	Amusement Parks, Circuses, Carnivals & Fortune Tellers	7997	expenses:entertainment.sport=1		ENTERTAINMENT/THEATER/DANCE STUDIOS	Membership Clubs (Sports, Recreation, Athletic), Country Clubs, and Private Golf Courses	7998	expenses:entertainment.culture=1		ENTERTAINMENT/THEATER/DANCE STUDIOS	Aquariums, Seaquariums, Dolphinariums	7999			ENTERTAINMENT/THEATER/DANCE STUDIOS	Recreation Services —Not Elsewhere Classified	6010			FINANCIAL SERVICES	Financial Institution — Manual Cash Disbursements	6011			FINANCIAL SERVICES	Financial Institution — Automated Cash Disbursements	6012			FINANCIAL SERVICES	Financial Institution — Merchandise and Services	6050			FINANCIAL SERVICES	Quasi Cash — Member Financial Institution (M/C Only)	6051			FINANCIAL SERVICES	Non-Financial Institutions — Foreign Currency, Money Orders (Not Wire Transfer) & Travelers Cheques	6211			FINANCIAL SERVICES	Security Brokers/Dealers	6300	expenses:home.incurences-fees=1		FINANCIAL SERVICES	Insurance Sales, Underwriting, and Premiums	6513			FINANCIAL SERVICES	Real Estate Agents and Managers — Rentals	6529			FINANCIAL SERVICES	Remote Stored Value Load — Member Financial Inst (M/C Only)	6530			FINANCIAL SERVICES	Remote Stored Value Load — Merchant (M/C Only)	6531			FINANCIAL SERVICES	Payment Service Provider — Money Transfer For A Purchase (M/C Only)	6532			FINANCIAL SERVICES	Payment Service Provider — Member Financial Inst. — Pymt Trans. (M/C Only)	6533			FINANCIAL SERVICES	Payment Service Provider — Merchant — Payment Transaction (M/C Only)	6534			FINANCIAL SERVICES	Money Transfer — Member Financial Institution (M/C Only)	6535			FINANCIAL SERVICES	Value Purchase — Member Financial Institution (M/C Only)	1520			FURNISHINGS/APPLIANCES/MAINTENANCE/HOME	General Contractors — Residential and Commercial	1711	expenses:house.repairs=1		FURNISHINGS/APPLIANCES/MAINTENANCE/HOME	Heating, Plumbing, and Air Conditioning Contractors	1731	expenses:house.repairs=1		FURNISHINGS/APPLIANCES/MAINTENANCE/HOME	Electrical Contractors	1740	expenses:house.repairs=1		FURNISHINGS/APPLIANCES/MAINTENANCE/HOME	Masonry, Stonework, Tile Setting, Plastering and Insulation Contractors	1750	expenses:house.repairs=1		FURNISHINGS/APPLIANCES/MAINTENANCE/HOME	Carpentry Contractors	1761	expenses:house.repairs=1		FURNISHINGS/APPLIANCES/MAINTENANCE/HOME	Roofing, Siding, and Sheet Metal Contractor	1771	expenses:house.repairs=1		FURNISHINGS/APPLIANCES/MAINTENANCE/HOME	Concrete Work Contractors	1799	expenses:house.repairs=1		FURNISHINGS/APPLIANCES/MAINTENANCE/HOME	Special Trade Contractors (Not Elsewhere Classified)	2741	expenses:entertainment.hobby=1		FURNISHINGS/APPLIANCES/MAINTENANCE/HOME	Miscellaneous Publishing and Printing	2791	expenses:entertainment.hobby=1		FURNISHINGS/APPLIANCES/MAINTENANCE/HOME	Type Setting, Plate Making and Related Services	2842	expenses:house.repairs=1		FURNISHINGS/APPLIANCES/MAINTENANCE/HOME	Specialty Cleaning, Polishing and Sanitation Preparations	4900	expenses:home.utilities=1		FURNISHINGS/APPLIANCES/MAINTENANCE/HOME	Utilities — Electric, Gas, Heating Oil, Water, Sanitary	5021			FURNISHINGS/APPLIANCES/MAINTENANCE/HOME	Office and Commercial Furniture	5039	expenses:house.repairs=1		FURNISHINGS/APPLIANCES/MAINTENANCE/HOME	Construction Materials (Not Elsewhere Classified)	5046			FURNISHINGS/APPLIANCES/MAINTENANCE/HOME	Commercial Equipment (Not Elsewhere Classified)	5051			FURNISHINGS/APPLIANCES/MAINTENANCE/HOME	Metal Service Centers and Offices	5065	expenses:house.repairs=1		FURNISHINGS/APPLIANCES/MAINTENANCE/HOME	Electrical Parts and Equipment	5072	expenses:house.repairs=1		FURNISHINGS/APPLIANCES/MAINTENANCE/HOME	Hardware, Equipment and Supplies	5074	expenses:house.repairs=1		FURNISHINGS/APPLIANCES/MAINTENANCE/HOME	Plumbing and Heating Equipment and Supplies	5085			FURNISHINGS/APPLIANCES/MAINTENANCE/HOME	Industrial Supplies (Not Elsewhere Classified)	5198	expenses:house.repairs=1		FURNISHINGS/APPLIANCES/MAINTENANCE/HOME	Paints, Varnishes and Supplies	5200			FURNISHINGS/APPLIANCES/MAINTENANCE/HOME	Home Supply Warehouse Stores	5211	expenses:house.repairs=1		FURNISHINGS/APPLIANCES/MAINTENANCE/HOME	Lumber and Building Materials Stores	5231	expenses:house.repairs=1		FURNISHINGS/APPLIANCES/MAINTENANCE/HOME	Glass, Paint, and Wallpaper Stores	5251	expenses:house.repairs=1		FURNISHINGS/APPLIANCES/MAINTENANCE/HOME	Hardware Stores	5261	expenses:house.garden=1		FURNISHINGS/APPLIANCES/MAINTENANCE/HOME	Nurseries and Lawn and Garden Supply Stores	5712	expenses:house.fitment=1		FURNISHINGS/APPLIANCES/MAINTENANCE/HOME	Furniture, Home Furnishings, and Equipment Stores, Except Appliances	5713	expenses:house.repairs=1		FURNISHINGS/APPLIANCES/MAINTENANCE/HOME	Floor Covering Stores	5714	expenses:house.fitment=1		FURNISHINGS/APPLIANCES/MAINTENANCE/HOME	Drapery, Window Covering, and Upholstery Stores	5718			FURNISHINGS/APPLIANCES/MAINTENANCE/HOME	Fireplace, Fireplace Screens and Accessories Stores	5719	expenses:house.fitment=1		FURNISHINGS/APPLIANCES/MAINTENANCE/HOME	Miscellaneous House Furnishing Specialty Stores	5722			FURNISHINGS/APPLIANCES/MAINTENANCE/HOME	Household Appliance Stores	7622	expenses:house.repairs=1		FURNISHINGS/APPLIANCES/MAINTENANCE/HOME	Electronics Repair Shops	7623	expenses:house.repairs=1		FURNISHINGS/APPLIANCES/MAINTENANCE/HOME	Air Conditioning and Refrigeration Repair Shops	7629	expenses:house.repairs=1		FURNISHINGS/APPLIANCES/MAINTENANCE/HOME	Electrical and Small Appliance Repair Shops	7631	expenses:home.services=1		FURNISHINGS/APPLIANCES/MAINTENANCE/HOME	Watch, Clock and Jewelry Repair	7641	expenses:house.fitment=1		FURNISHINGS/APPLIANCES/MAINTENANCE/HOME	Furniture-Reupholstery, Repair, and Refinishing	7692			FURNISHINGS/APPLIANCES/MAINTENANCE/HOME	Welding Services	7699	expenses:home.services=1		FURNISHINGS/APPLIANCES/MAINTENANCE/HOME	Miscellaneous Repair Shops and Related Services	5411	expenses:food.groceries=1		GROCERY STORES/PHARMACIES/FOOD SERVICES/RESTAURANTS	Grocery Stores and Supermarkets	5422			GROCERY STORES/PHARMACIES/FOOD SERVICES/RESTAURANTS	Freezer and Locker Meat Provisions	5441	expenses:food.coffee=1		GROCERY STORES/PHARMACIES/FOOD SERVICES/RESTAURANTS	Candy, Nut, and Confectionery Stores	5451	expenses:food.groceries=1		GROCERY STORES/PHARMACIES/FOOD SERVICES/RESTAURANTS	Dairy Products Stores	5462	expenses:food.coffee=1		GROCERY STORES/PHARMACIES/FOOD SERVICES/RESTAURANTS	Bakeries	5499	expenses:food.groceries=1		GROCERY STORES/PHARMACIES/FOOD SERVICES/RESTAURANTS	Miscellaneous Food Stores — Convenience Stores & Specialty Markets	5811	expenses:food.restaurants=1		GROCERY STORES/PHARMACIES/FOOD SERVICES/RESTAURANTS	Caterers	5812	expenses:food.restaurants=1		GROCERY STORES/PHARMACIES/FOOD SERVICES/RESTAURANTS	Eating Places and Restaurants	5813	expenses:food.bars=1		GROCERY STORES/PHARMACIES/FOOD SERVICES/RESTAURANTS	Drinking Places (Alcoholic Beverages) — Bars, Taverns, Nightclubs, Cocktail Lounges, and Discotheques	5814	expenses:food.restaurants=1		GROCERY STORES/PHARMACIES/FOOD SERVICES/RESTAURANTS	Fast Food Restaurants	5912	expenses:wellness.pharmacy=1		GROCERY STORES/PHARMACIES/FOOD SERVICES/RESTAURANTS	Drug Stores and Pharmacies	5921	expenses:food.alcohol-tobacco=1		GROCERY STORES/PHARMACIES/FOOD SERVICES/RESTAURANTS	Package Stores — Beer, Wine, and Liquor	5047	expenses:wellness.healthcare=1		HEALTHCARE/CHILDCARE SERVICES	Medical, Dental, Ophthalmic & Hospital Equipment & Supplies	5122			HEALTHCARE/CHILDCARE SERVICES	Drugs, Drug Proprietaries, and Druggist Sundries	5975			HEALTHCARE/CHILDCARE SERVICES	Hearing Aids — Sales, Service, and Supply	5976	expenses:wellness.healthcare=1		HEALTHCARE/CHILDCARE SERVICES	Orthopedic Goods — Prosthetic Devices	8011	expenses:wellness.healthcare=1		HEALTHCARE/CHILDCARE SERVICES	Doctors and Physicians — Not Elsewhere Classified	8021	expenses:wellness.healthcare=1		HEALTHCARE/CHILDCARE SERVICES	Dentists and Orthodontists	8031	expenses:wellness.healthcare=1		HEALTHCARE/CHILDCARE SERVICES	Osteopaths	8041	expenses:wellness.healthcare=1		HEALTHCARE/CHILDCARE SERVICES	Chiropractors	8042	expenses:wellness.healthcare=1		HEALTHCARE/CHILDCARE SERVICES	Optometrists and Ophthalmologists	8043	expenses:wellness.eyecare=1		HEALTHCARE/CHILDCARE SERVICES	Opticians, Optical Goods, and Eyeglasses	8049			HEALTHCARE/CHILDCARE SERVICES	Podiatrists and Chiropodists	8050	expenses:wellness.healthcare=1		HEALTHCARE/CHILDCARE SERVICES	Nursing and Personal Care Facilities	8062	expenses:wellness.healthcare=1		HEALTHCARE/CHILDCARE SERVICES	Hospitals	8071	expenses:wellness.healthcare=1		HEALTHCARE/CHILDCARE SERVICES	Medical and Dental Laboratories	8099	expenses:wellness.healthcare=1		HEALTHCARE/CHILDCARE SERVICES	Medical Services and Health Practitioners	8351			HEALTHCARE/CHILDCARE SERVICES	Not Elsewhere Classified	3501	expenses:entertainment.vacation=1	Holiday Inn Hotels	LODGING — HOTELS, MOTELS, RESORTS	Holiday Inn Express/Holiday Inn	3502	expenses:entertainment.vacation=1	Best Western Hotels	LODGING — HOTELS, MOTELS, RESORTS	Best Western Hotels	3503	expenses:entertainment.vacation=1	Sheraton Hotels	LODGING — HOTELS, MOTELS, RESORTS	Sheraton Hotels	3504	expenses:entertainment.vacation=1	Hilton Hotels	LODGING — HOTELS, MOTELS, RESORTS	Hilton Hotels	3505	expenses:entertainment.vacation=1	Forte Hotels	LODGING — HOTELS, MOTELS, RESORTS	Forte Hotels	3506	expenses:entertainment.vacation=1	Golden Tulip Hotels	LODGING — HOTELS, MOTELS, RESORTS	Golden Tulip Hotels	3507	expenses:entertainment.vacation=1	Friendship Inns	LODGING — HOTELS, MOTELS, RESORTS	Friendship Inns	3508	expenses:entertainment.vacation=1	Quality Inns/Quality Suites	LODGING — HOTELS, MOTELS, RESORTS	Quality Inns/Quality Suites	3509	expenses:entertainment.vacation=1	Marriott	LODGING — HOTELS, MOTELS, RESORTS	Marriott	3510	expenses:entertainment.vacation=1	Days Inn/Daystop	LODGING — HOTELS, MOTELS, RESORTS	Days Inn/Daystop	3511	expenses:entertainment.vacation=1	Arabella Hotels	LODGING — HOTELS, MOTELS, RESORTS	Arabella Hotels	3512	expenses:entertainment.vacation=1	InterContinental Hotels	LODGING — HOTELS, MOTELS, RESORTS	InterContinental Hotels	3513	expenses:entertainment.vacation=1	Westin Hotels	LODGING — HOTELS, MOTELS, RESORTS	Westin Hotels	3514	expenses:entertainment.vacation=1	Amerisuites	LODGING — HOTELS, MOTELS, RESORTS	Amerisuites	3515	expenses:entertainment.vacation=1	Rodeway Inns	LODGING — HOTELS, MOTELS, RESORTS	Rodeway Inns	3516	expenses:entertainment.vacation=1	La Quinta Motor Inns	LODGING — HOTELS, MOTELS, RESORTS	La Quinta Motor Inns	3517	expenses:entertainment.vacation=1	Americana Hotels	LODGING — HOTELS, MOTELS, RESORTS	Americana Hotels	3518	expenses:entertainment.vacation=1	Sol Hotels	LODGING — HOTELS, MOTELS, RESORTS	Sol Hotels	3519	expenses:entertainment.vacation=1	Pullman International Hotels	LODGING — HOTELS, MOTELS, RESORTS	Pullman International Hotels	3520	expenses:entertainment.vacation=1	Meridien Hotels	LODGING — HOTELS, MOTELS, RESORTS	Meridien Hotels	3521	expenses:entertainment.vacation=1	Royal Lahaina Resort	LODGING — HOTELS, MOTELS, RESORTS	Royal Lahaina Resort	3522	expenses:entertainment.vacation=1	Tokyo Hotel	LODGING — HOTELS, MOTELS, RESORTS	Tokyo Hotel	3523	expenses:entertainment.vacation=1	Peninsula Hotels	LODGING — HOTELS, MOTELS, RESORTS	Peninsula Hotels	3524	expenses:entertainment.vacation=1	Welcomgroup Hotels	LODGING — HOTELS, MOTELS, RESORTS	Welcomgroup Hotels	3525	expenses:entertainment.vacation=1	Dunfey Hotels	LODGING — HOTELS, MOTELS, RESORTS	Dunfey Hotels	3526	expenses:entertainment.vacation=1	Prince Hotels	LODGING — HOTELS, MOTELS, RESORTS	Prince Hotels	3527	expenses:entertainment.vacation=1	Downtowner Passport Hotels	LODGING — HOTELS, MOTELS, RESORTS	Downtowner — Passport Hotels	3528	expenses:entertainment.vacation=1	Red Lion Hotels/Red Lion Inns	LODGING — HOTELS, MOTELS, RESORTS	Red Lion Hotels/Red Lion Inns	3529	expenses:entertainment.vacation=1	CP Hotels	LODGING — HOTELS, MOTELS, RESORTS	CP Hotels	3530	expenses:entertainment.vacation=1	Renaissance Hotels	LODGING — HOTELS, MOTELS, RESORTS	Renaissance Hotels	3531	expenses:entertainment.vacation=1	Kauai Coconut Beach Resort	LODGING — HOTELS, MOTELS, RESORTS	Kauai Coconut Beach Resort	3532	expenses:entertainment.vacation=1	Royal Kona Resort	LODGING — HOTELS, MOTELS, RESORTS	Royal Kona Resort	3533	expenses:entertainment.vacation=1	Hotel IBIS	LODGING — HOTELS, MOTELS, RESORTS	Hotel IBIS	3534	expenses:entertainment.vacation=1	Southern Pacific Hotels	LODGING — HOTELS, MOTELS, RESORTS	Southern Pacific Hotels	3535	expenses:entertainment.vacation=1	Hilton International	LODGING — HOTELS, MOTELS, RESORTS	Hilton International	3536	expenses:entertainment.vacation=1	AMFAC Hotels	LODGING — HOTELS, MOTELS, RESORTS	AMFAC Hotels	3537	expenses:entertainment.vacation=1	ANA Hotels	LODGING — HOTELS, MOTELS, RESORTS	ANA Hotels	3538	expenses:entertainment.vacation=1	Concorde Hotels	LODGING — HOTELS, MOTELS, RESORTS	Concorde Hotels	3539	expenses:entertainment.vacation=1	Summerfield Suites Hotel	LODGING — HOTELS, MOTELS, RESORTS	Summerfield Suites Hotel	3540	expenses:entertainment.vacation=1	Iberotel Hotels	LODGING — HOTELS, MOTELS, RESORTS	Iberotel Hotels	3541	expenses:entertainment.vacation=1	Hotel Okura	LODGING — HOTELS, MOTELS, RESORTS	Hotel Okura	3542	expenses:entertainment.vacation=1	Royal Hotels	LODGING — HOTELS, MOTELS, RESORTS	Royal Hotels	3543	expenses:entertainment.vacation=1	Four Seasons Hotels	LODGING — HOTELS, MOTELS, RESORTS	Four Seasons Hotels	3544	expenses:entertainment.vacation=1	CIGA Hotels	LODGING — HOTELS, MOTELS, RESORTS	CIGA Hotels	3545	expenses:entertainment.vacation=1	Shangri-La International	LODGING — HOTELS, MOTELS, RESORTS	Shangri-La International	3546	expenses:entertainment.vacation=1	Sierra Suites Hotels	LODGING — HOTELS, MOTELS, RESORTS	Sierra Suites Hotels	3547	expenses:entertainment.vacation=1	The Breakers Resort	LODGING — HOTELS, MOTELS, RESORTS	The Breakers Resort	3548	expenses:entertainment.vacation=1	Hotels Melia	LODGING — HOTELS, MOTELS, RESORTS	Hotels Melia	3549	expenses:entertainment.vacation=1	Auberge Des Governeurs	LODGING — HOTELS, MOTELS, RESORTS	Auberge Des Governeurs	3550	expenses:entertainment.vacation=1	Regal 8 Inns	LODGING — HOTELS, MOTELS, RESORTS	Regal 8 Inns	3551	expenses:entertainment.vacation=1	Mirage Hotel and Casino	LODGING — HOTELS, MOTELS, RESORTS	Mirage Hotel and Casino	3552	expenses:entertainment.vacation=1	Coast Hotels	LODGING — HOTELS, MOTELS, RESORTS	Coast Hotels	3553	expenses:entertainment.vacation=1	Parks Inns International	LODGING — HOTELS, MOTELS, RESORTS	Parks Inns International	3554	expenses:entertainment.vacation=1	Pinehurst Resort	LODGING — HOTELS, MOTELS, RESORTS	Pinehurst Resort	3555	expenses:entertainment.vacation=1	Treasure Island Hotel and Casino	LODGING — HOTELS, MOTELS, RESORTS	Treasure Island Hotel and Casino	3556	expenses:entertainment.vacation=1	Barton Creek Resort	LODGING — HOTELS, MOTELS, RESORTS	Barton Creek Resort	3557	expenses:entertainment.vacation=1	Manhattan East Suite Hotels	LODGING — HOTELS, MOTELS, RESORTS	Manhattan East Suite Hotels	3558	expenses:entertainment.vacation=1	Jolly Hotels	LODGING — HOTELS, MOTELS, RESORTS	Jolly Hotels	3559	expenses:entertainment.vacation=1	Candlewood Suites	LODGING — HOTELS, MOTELS, RESORTS	Candlewood Suites	3560	expenses:entertainment.vacation=1	Aladdin Resort and Casino	LODGING — HOTELS, MOTELS, RESORTS	Aladdin Resort and Casino	3561	expenses:entertainment.vacation=1	Golden Nugget	LODGING — HOTELS, MOTELS, RESORTS	Golden Nugget	3562	expenses:entertainment.vacation=1	Comfort Inns	LODGING — HOTELS, MOTELS, RESORTS	Comfort Inns	3563	expenses:entertainment.vacation=1	Journey’s End Motels	LODGING — HOTELS, MOTELS, RESORTS	Journey’s End Motels	3564	expenses:entertainment.vacation=1	Sam’s Town Hotel and Casino	LODGING — HOTELS, MOTELS, RESORTS	Sam’s Town Hotel and Casino	3565	expenses:entertainment.vacation=1	Relax Inns	LODGING — HOTELS, MOTELS, RESORTS	Relax Inns	3566	expenses:entertainment.vacation=1	Garden Place Hotel	LODGING — HOTELS, MOTELS, RESORTS	Garden Place Hotel	3567	expenses:entertainment.vacation=1	Soho Grand Hotel	LODGING — HOTELS, MOTELS, RESORTS	Soho Grand Hotel	3568	expenses:entertainment.vacation=1	Ladbroke Hotels	LODGING — HOTELS, MOTELS, RESORTS	Ladbroke Hotels	3569	expenses:entertainment.vacation=1	Tribeca Grand Hotel	LODGING — HOTELS, MOTELS, RESORTS	Tribeca Grand Hotel	3570	expenses:entertainment.vacation=1	Forum Hotels	LODGING — HOTELS, MOTELS, RESORTS	Forum Hotels	3571	expenses:entertainment.vacation=1	Grand Wailea Resort	LODGING — HOTELS, MOTELS, RESORTS	Grand Wailea Resort	3572	expenses:entertainment.vacation=1	Miyako Hotels	LODGING — HOTELS, MOTELS, RESORTS	Miyako Hotels	3573	expenses:entertainment.vacation=1	Sandman Hotels	LODGING — HOTELS, MOTELS, RESORTS	Sandman Hotels	3574	expenses:entertainment.vacation=1	Venture Inn	LODGING — HOTELS, MOTELS, RESORTS	Venture Inn	3575	expenses:entertainment.vacation=1	Vagabond Hotels	LODGING — HOTELS, MOTELS, RESORTS	Vagabond Hotels	3576	expenses:entertainment.vacation=1	La Quinta Resort	LODGING — HOTELS, MOTELS, RESORTS	La Quinta Resort	3577	expenses:entertainment.vacation=1	Mandarin Oriental Hotel	LODGING — HOTELS, MOTELS, RESORTS	Mandarin Oriental Hotel	3578	expenses:entertainment.vacation=1	Frankenmuth Bavarian	LODGING — HOTELS, MOTELS, RESORTS	Frankenmuth Bavarian	3579	expenses:entertainment.vacation=1	Hotel Mercure	LODGING — HOTELS, MOTELS, RESORTS	Hotel Mercure	3580	expenses:entertainment.vacation=1	Hotel Del Coronado	LODGING — HOTELS, MOTELS, RESORTS	Hotel Del Coronado	3581	expenses:entertainment.vacation=1	Delta Hotels	LODGING — HOTELS, MOTELS, RESORTS	Delta Hotels	3582	expenses:entertainment.vacation=1	California Hotel and Casino	LODGING — HOTELS, MOTELS, RESORTS	California Hotel and Casino	3583	expenses:entertainment.vacation=1	SAS Hotels	LODGING — HOTELS, MOTELS, RESORTS	SAS Hotels	3584	expenses:entertainment.vacation=1	Princess Hotels International	LODGING — HOTELS, MOTELS, RESORTS	Princess Hotels International	3585	expenses:entertainment.vacation=1	Hungar Hotels	LODGING — HOTELS, MOTELS, RESORTS	Hungar Hotels	3586	expenses:entertainment.vacation=1	Sokos Hotel	LODGING — HOTELS, MOTELS, RESORTS	Sokos Hotel	3587	expenses:entertainment.vacation=1	Doral Hotels	LODGING — HOTELS, MOTELS, RESORTS	Doral Hotels	3588	expenses:entertainment.vacation=1	Helmsley Hotels	LODGING — HOTELS, MOTELS, RESORTS	Helmsley Hotels	3589	expenses:entertainment.vacation=1	Doral Golf Resort	LODGING — HOTELS, MOTELS, RESORTS	Doral Golf Resort	3590	expenses:entertainment.vacation=1	Fairmont Hotels	LODGING — HOTELS, MOTELS, RESORTS	Fairmont Hotels	3591	expenses:entertainment.vacation=1	Sonesta Hotels	LODGING — HOTELS, MOTELS, RESORTS	Sonesta Hotels	3592	expenses:entertainment.vacation=1	Omni Hotels	LODGING — HOTELS, MOTELS, RESORTS	Omni Hotels	3593	expenses:entertainment.vacation=1	Cunard Hotels	LODGING — HOTELS, MOTELS, RESORTS	Cunard Hotels	3594	expenses:entertainment.vacation=1	Arizona Biltmore	LODGING — HOTELS, MOTELS, RESORTS	Arizona Biltmore	3595	expenses:entertainment.vacation=1	Hospitality Inns	LODGING — HOTELS, MOTELS, RESORTS	Hospitality Inns	3596	expenses:entertainment.vacation=1	Wynn Las Vegas	LODGING — HOTELS, MOTELS, RESORTS	Wynn Las Vegas	3597	expenses:entertainment.vacation=1	Riverside Resort Hotel and Casino	LODGING — HOTELS, MOTELS, RESORTS	Riverside Resort Hotel and Casino	3598	expenses:entertainment.vacation=1	Regent International Hotels	LODGING — HOTELS, MOTELS, RESORTS	Regent International Hotels	3599	expenses:entertainment.vacation=1	Pannonia Hotels	LODGING — HOTELS, MOTELS, RESORTS	Pannonia Hotels	3600	expenses:entertainment.vacation=1	Saddlebrook Resort	LODGING — HOTELS, MOTELS, RESORTS	Saddlebrook Resort — Tampa	3601	expenses:entertainment.vacation=1	Trade Winds Resort	LODGING — HOTELS, MOTELS, RESORTS	Trade Winds Resort	3602	expenses:entertainment.vacation=1	Hudson Hotel	LODGING — HOTELS, MOTELS, RESORTS	Hudson Hotel	3603	expenses:entertainment.vacation=1	Noah’s Hotel	LODGING — HOTELS, MOTELS, RESORTS	Noah’s Hotel (MELBN)	3604	expenses:entertainment.vacation=1	Hilton Garden Inn	LODGING — HOTELS, MOTELS, RESORTS	Hilton Garden Inn	3605	expenses:entertainment.vacation=1	Jurys Doyle Hotels	LODGING — HOTELS, MOTELS, RESORTS	Jurys Doyle Hotel Group (M/C only)	3606	expenses:entertainment.vacation=1	Jefferson Hotel	LODGING — HOTELS, MOTELS, RESORTS	Jefferson Hotel (M/C only)	3607	expenses:entertainment.vacation=1	Fountainebleau Resorts	LODGING — HOTELS, MOTELS, RESORTS	Fountainebleau Resorts	3608	expenses:entertainment.vacation=1	Gaylord Opryland	LODGING — HOTELS, MOTELS, RESORTS	Gaylord Opryland (MC effective now, Visa – 10/2006)	3609	expenses:entertainment.vacation=1	Gaylord Palms	LODGING — HOTELS, MOTELS, RESORTS	Gaylord Palms (MC effective now, Visa – 10/2006)	3612	expenses:entertainment.vacation=1	Movenpick Hotels	LODGING — HOTELS, MOTELS, RESORTS	Movenpick Hotels	3613	expenses:entertainment.vacation=1	Microtel Inns & Suites	LODGING — HOTELS, MOTELS, RESORTS	Microtel Inns & Suites (MC effective now, Visa –10/2006)	3614	expenses:entertainment.vacation=1	AmericInn	LODGING — HOTELS, MOTELS, RESORTS	AmericInn (MC only effective 6/2006)	3615	expenses:entertainment.vacation=1	Travelodge	LODGING — HOTELS, MOTELS, RESORTS	Travelodge	3620	expenses:entertainment.vacation=1	Binion’s Horshoe Club	LODGING — HOTELS, MOTELS, RESORTS	Binion’s Horshoe Club	3622	expenses:entertainment.vacation=1	Merlin Hotel	LODGING — HOTELS, MOTELS, RESORTS	Merlin Hotel (Perth)	3623	expenses:entertainment.vacation=1	Dorint Hotels	LODGING — HOTELS, MOTELS, RESORTS	Dorint Hotels	3624	expenses:entertainment.vacation=1	Lady Luck Hotel and Casino	LODGING — HOTELS, MOTELS, RESORTS	Lady Luck Hotel and Casino	3625	expenses:entertainment.vacation=1	Hotel Universale	LODGING — HOTELS, MOTELS, RESORTS	Hotel Universale	3628	expenses:entertainment.vacation=1	Excalibur Hotel and Casino	LODGING — HOTELS, MOTELS, RESORTS	Excalibur Hotel and Casino	3629	expenses:entertainment.vacation=1	Dan Hotels	LODGING — HOTELS, MOTELS, RESORTS	Dan Hotels	3631	expenses:entertainment.vacation=1	Sleep Inn	LODGING — HOTELS, MOTELS, RESORTS	Sleep Inn	3632	expenses:entertainment.vacation=1	The Phoenician	LODGING — HOTELS, MOTELS, RESORTS	The Phoenician	3633	expenses:entertainment.vacation=1	Rank Hotels	LODGING — HOTELS, MOTELS, RESORTS	Rank Hotels	3634	expenses:entertainment.vacation=1	Swissotel	LODGING — HOTELS, MOTELS, RESORTS	Swissotel	3635	expenses:entertainment.vacation=1	Reso Hotels	LODGING — HOTELS, MOTELS, RESORTS	Reso Hotels	3636	expenses:entertainment.vacation=1	Sarova Hotels	LODGING — HOTELS, MOTELS, RESORTS	Sarova Hotels	3637	expenses:entertainment.vacation=1	Ramada Inns	LODGING — HOTELS, MOTELS, RESORTS	Ramada Inns	3638	expenses:entertainment.vacation=1	Ho Jo Inn/Howard Johnson	LODGING — HOTELS, MOTELS, RESORTS	Ho Jo Inn/Howard Johnson	3639	expenses:entertainment.vacation=1	Mount Charlotte Thistle	LODGING — HOTELS, MOTELS, RESORTS	Mount Charlotte Thistle	3640	expenses:entertainment.vacation=1	Hyatt Hotels	LODGING — HOTELS, MOTELS, RESORTS	Hyatt Hotels	3641	expenses:entertainment.vacation=1	Sofitel Hotels	LODGING — HOTELS, MOTELS, RESORTS	Sofitel Hotels	3642	expenses:entertainment.vacation=1	Novotel Sieh	LODGING — HOTELS, MOTELS, RESORTS	Novotel Sieh (Accor)	3643	expenses:entertainment.vacation=1	Steigenberger Hotels	LODGING — HOTELS, MOTELS, RESORTS	Steigenberger Hotels	3644	expenses:entertainment.vacation=1	Econo Lodges	LODGING — HOTELS, MOTELS, RESORTS	Econo Lodges	3645	expenses:entertainment.vacation=1	Queens Moat Houses	LODGING — HOTELS, MOTELS, RESORTS	Queens Moat Houses	3646	expenses:entertainment.vacation=1	Swallow Hotels	LODGING — HOTELS, MOTELS, RESORTS	Swallow Hotels	3647	expenses:entertainment.vacation=1	Husa Hotels	LODGING — HOTELS, MOTELS, RESORTS	Husa Hotels	3648	expenses:entertainment.vacation=1	De Vere Hotels	LODGING — HOTELS, MOTELS, RESORTS	De Vere Hotels	3649	expenses:entertainment.vacation=1	Radisson Hotels	LODGING — HOTELS, MOTELS, RESORTS	Radisson Hotels	3650	expenses:entertainment.vacation=1	Red Roof Inns	LODGING — HOTELS, MOTELS, RESORTS	Red Roof Inns	3651	expenses:entertainment.vacation=1	Imperial London Hotels	LODGING — HOTELS, MOTELS, RESORTS	Imperial London Hotels	3652	expenses:entertainment.vacation=1	Embassy Hotels	LODGING — HOTELS, MOTELS, RESORTS	Embassy Hotels	3653	expenses:entertainment.vacation=1	Penta Hotels	LODGING — HOTELS, MOTELS, RESORTS	Penta Hotels	3654	expenses:entertainment.vacation=1	Loews Hotels	LODGING — HOTELS, MOTELS, RESORTS	Loews Hotels	3655	expenses:entertainment.vacation=1	Scandic Hotels	LODGING — HOTELS, MOTELS, RESORTS	Scandic Hotels	3656	expenses:entertainment.vacation=1	Sara Hotels	LODGING — HOTELS, MOTELS, RESORTS	Sara Hotels	3657	expenses:entertainment.vacation=1	Oberoi Hotels	LODGING — HOTELS, MOTELS, RESORTS	Oberoi Hotels	3658	expenses:entertainment.vacation=1	Otani Hotels	LODGING — HOTELS, MOTELS, RESORTS	Otani Hotels	3659	expenses:entertainment.vacation=1	Taj Hotels International	LODGING — HOTELS, MOTELS, RESORTS	Taj Hotels International	3660	expenses:entertainment.vacation=1	Knights Inn	LODGING — HOTELS, MOTELS, RESORTS	Knights Inn	3661	expenses:entertainment.vacation=1	Metropole Hotels	LODGING — HOTELS, MOTELS, RESORTS	Metropole Hotels	3662	expenses:entertainment.vacation=1	Circus Circus Hotel and Casino	LODGING — HOTELS, MOTELS, RESORTS	Circus Circus Hotel and Casino	3663	expenses:entertainment.vacation=1	Hoteles El Presidente	LODGING — HOTELS, MOTELS, RESORTS	Hoteles El Presidente	3664	expenses:entertainment.vacation=1	Flag Inn	LODGING — HOTELS, MOTELS, RESORTS	Flag Inn	3665	expenses:entertainment.vacation=1	Hampton Inns	LODGING — HOTELS, MOTELS, RESORTS	Hampton Inns	3666	expenses:entertainment.vacation=1	Stakis Hotels	LODGING — HOTELS, MOTELS, RESORTS	Stakis Hotels	3667	expenses:entertainment.vacation=1	Luxor Hotel and Casino	LODGING — HOTELS, MOTELS, RESORTS	Luxor Hotel and Casino	3668	expenses:entertainment.vacation=1	Maritim Hotels	LODGING — HOTELS, MOTELS, RESORTS	Maritim Hotels	3669	expenses:entertainment.vacation=1	Eldorado Hotel and Casino	LODGING — HOTELS, MOTELS, RESORTS	Eldorado Hotel and Casino	3670	expenses:entertainment.vacation=1	Arcade Hotels	LODGING — HOTELS, MOTELS, RESORTS	Arcade Hotels	3671	expenses:entertainment.vacation=1	Arctia Hotels	LODGING — HOTELS, MOTELS, RESORTS	Arctia Hotels	3672	expenses:entertainment.vacation=1	Campanile Hotels	LODGING — HOTELS, MOTELS, RESORTS	Campanile Hotels	3673	expenses:entertainment.vacation=1	Ibusz Hotels	LODGING — HOTELS, MOTELS, RESORTS	Ibusz Hotels	3674	expenses:entertainment.vacation=1	Rantasipi Hotels	LODGING — HOTELS, MOTELS, RESORTS	Rantasipi Hotels	3675	expenses:entertainment.vacation=1	Interhotel Cedok	LODGING — HOTELS, MOTELS, RESORTS	Interhotel Cedok	3676	expenses:entertainment.vacation=1	Monte Carlo Hotel and Casino	LODGING — HOTELS, MOTELS, RESORTS	Monte Carlo Hotel and Casino	3677	expenses:entertainment.vacation=1	Climat De France Hotels	LODGING — HOTELS, MOTELS, RESORTS	Climat De France Hotels	3678	expenses:entertainment.vacation=1	Cumulus Hotels	LODGING — HOTELS, MOTELS, RESORTS	Cumulus Hotels	3679	expenses:entertainment.vacation=1	Silver Lagacy Hotel and Casino	LODGING — HOTELS, MOTELS, RESORTS	Silver Lagacy Hotel and Casino	3680	expenses:entertainment.vacation=1	Hoteis Othan	LODGING — HOTELS, MOTELS, RESORTS	Hoteis Othan	3681	expenses:entertainment.vacation=1	Adams Mark Hotels	LODGING — HOTELS, MOTELS, RESORTS	Adams Mark Hotels	3682	expenses:entertainment.vacation=1	Sahara Hotel and Casino	LODGING — HOTELS, MOTELS, RESORTS	Sahara Hotel and Casino	3683	expenses:entertainment.vacation=1	Bradbury Suites	LODGING — HOTELS, MOTELS, RESORTS	Bradbury Suites	3684	expenses:entertainment.vacation=1	Budget Host Inns	LODGING — HOTELS, MOTELS, RESORTS	Budget Host Inns	3685	expenses:entertainment.vacation=1	Budgetel Inns	LODGING — HOTELS, MOTELS, RESORTS	Budgetel Inns	3686	expenses:entertainment.vacation=1	Susse Chalets	LODGING — HOTELS, MOTELS, RESORTS	Susse Chalets	3687	expenses:entertainment.vacation=1	Clarion Hotel	LODGING — HOTELS, MOTELS, RESORTS	Clarion Hotel	3688	expenses:entertainment.vacation=1	Compri Hotel	LODGING — HOTELS, MOTELS, RESORTS	Compri Hotel	3689	expenses:entertainment.vacation=1	Consort Hotel	LODGING — HOTELS, MOTELS, RESORTS	Consort Hotel	3690	expenses:entertainment.vacation=1	Courtyard By Marriott	LODGING — HOTELS, MOTELS, RESORTS	Courtyard By Marriott	3691	expenses:entertainment.vacation=1	Dillon Inn	LODGING — HOTELS, MOTELS, RESORTS	Dillon Inn	3692	expenses:entertainment.vacation=1	Doubletree Hotels	LODGING — HOTELS, MOTELS, RESORTS	Doubletree Guest Suites/Doubletree Hotels)	3693	expenses:entertainment.vacation=1	Drury Inn	LODGING — HOTELS, MOTELS, RESORTS	Drury Inn	3694	expenses:entertainment.vacation=1	Economy Inns of America	LODGING — HOTELS, MOTELS, RESORTS	Economy Inns of America	3695	expenses:entertainment.vacation=1	Embassy Suites	LODGING — HOTELS, MOTELS, RESORTS	Embassy Suites	3696	expenses:entertainment.vacation=1	Excel Inn	LODGING — HOTELS, MOTELS, RESORTS	Excel Inn	3697	expenses:entertainment.vacation=1	Fairfield Hotel	LODGING — HOTELS, MOTELS, RESORTS	Fairfield Hotel	3698	expenses:entertainment.vacation=1	Harley Hotel	LODGING — HOTELS, MOTELS, RESORTS	Harley Hotel	3699	expenses:entertainment.vacation=1	Midway Motor Lodge	LODGING — HOTELS, MOTELS, RESORTS	Midway Motor Lodge	3700	expenses:entertainment.vacation=1	Motel 6	LODGING — HOTELS, MOTELS, RESORTS	Motel 6	3701	expenses:entertainment.vacation=1	La Mansion Del Rio	LODGING — HOTELS, MOTELS, RESORTS	La Mansion Del Rio	3702	expenses:entertainment.vacation=1	The Registry Hotels	LODGING — HOTELS, MOTELS, RESORTS	The Registry Hotels	3703	expenses:entertainment.vacation=1	Residence Inns	LODGING — HOTELS, MOTELS, RESORTS	Residence Inns	3704	expenses:entertainment.vacation=1	Royce Hotel	LODGING — HOTELS, MOTELS, RESORTS	Royce Hotel	3705	expenses:entertainment.vacation=1	Sandman Inn	LODGING — HOTELS, MOTELS, RESORTS	Sandman Inn	3706	expenses:entertainment.vacation=1	Shilo Inn	LODGING — HOTELS, MOTELS, RESORTS	Shilo Inn	3707	expenses:entertainment.vacation=1	Shoney’s Inn	LODGING — HOTELS, MOTELS, RESORTS	Shoney’s Inn	3708	expenses:entertainment.vacation=1	Virgin River Hotel and Casino	LODGING — HOTELS, MOTELS, RESORTS	Virgin River Hotel and Casino	3709	expenses:entertainment.vacation=1	Super 8 Motel	LODGING — HOTELS, MOTELS, RESORTS	Super 8 Motel	3710	expenses:entertainment.vacation=1	The Ritz Carlton	LODGING — HOTELS, MOTELS, RESORTS	The Ritz Carlton	3711	expenses:entertainment.vacation=1	Flag Inns	LODGING — HOTELS, MOTELS, RESORTS	Flag Inns (Australia)	3712	expenses:entertainment.vacation=1	Buffalo Bill’s Hotel and Casino	LODGING — HOTELS, MOTELS, RESORTS	Buffalo Bill’s Hotel and Casino	3713	expenses:entertainment.vacation=1	Quality Pacific Hotel	LODGING — HOTELS, MOTELS, RESORTS	Quality Pacific Hotel	3714	expenses:entertainment.vacation=1	Four Seasons Hotel	LODGING — HOTELS, MOTELS, RESORTS	Four Seasons Hotel (Australia)	3715	expenses:entertainment.vacation=1	Fairfield Inn	LODGING — HOTELS, MOTELS, RESORTS	Fairfield Inn	3716	expenses:entertainment.vacation=1	Carlton Hotels	LODGING — HOTELS, MOTELS, RESORTS	Carlton Hotels	3717	expenses:entertainment.vacation=1	City Lodge Hotels	LODGING — HOTELS, MOTELS, RESORTS	City Lodge Hotels	3718	expenses:entertainment.vacation=1	Karos Hotels	LODGING — HOTELS, MOTELS, RESORTS	Karos Hotels	3719	expenses:entertainment.vacation=1	Protea Hotels	LODGING — HOTELS, MOTELS, RESORTS	Protea Hotels	3720	expenses:entertainment.vacation=1	Southern Sun Hotels	LODGING — HOTELS, MOTELS, RESORTS	Southern Sun Hotels	3721	expenses:entertainment.vacation=1	Hilton Conrad	LODGING — HOTELS, MOTELS, RESORTS	Hilton Conrad	3722	expenses:entertainment.vacation=1	Wyndham	LODGING — HOTELS, MOTELS, RESORTS	Wyndham	3723	expenses:entertainment.vacation=1	Rica Hotels	LODGING — HOTELS, MOTELS, RESORTS	Rica Hotels	3724	expenses:entertainment.vacation=1	Inter Nor Hotels	LODGING — HOTELS, MOTELS, RESORTS	Inter Nor Hotels	3725	expenses:entertainment.vacation=1	Sea Pines Plantation/Sea Pines Resort	LODGING — HOTELS, MOTELS, RESORTS	Sea Pines Plantation/Sea Pines Resort	3726	expenses:entertainment.vacation=1	Rio Suites	LODGING — HOTELS, MOTELS, RESORTS	Rio Suites	3727	expenses:entertainment.vacation=1	Broadmoor Hotel	LODGING — HOTELS, MOTELS, RESORTS	Broadmoor Hotel	3728	expenses:entertainment.vacation=1	Bally’s Hotel and Casino	LODGING — HOTELS, MOTELS, RESORTS	Bally’s Hotel and Casino	3729	expenses:entertainment.vacation=1	John Ascuaga’s Nugget	LODGING — HOTELS, MOTELS, RESORTS	John Ascuaga’s Nugget	3731	expenses:entertainment.vacation=1	Harrah’s Hotels and Casinos	LODGING — HOTELS, MOTELS, RESORTS	Harrah’s Hotels and Casinos	3732	expenses:entertainment.vacation=1	Opryland Hotel	LODGING — HOTELS, MOTELS, RESORTS	Opryland Hotel	3733	expenses:entertainment.vacation=1	Boca Raton Resort	LODGING — HOTELS, MOTELS, RESORTS	Boca Raton Resort	3734	expenses:entertainment.vacation=1	Harvey/Bristol Hotels	LODGING — HOTELS, MOTELS, RESORTS	Harvey/Bristol Hotels	3730	expenses:entertainment.vacation=1	MGM Grand Hotel	LODGING — HOTELS, MOTELS, RESORTS	MGM Grand Hotel	3735	expenses:entertainment.vacation=1	Masters Economy Inns	LODGING — HOTELS, MOTELS, RESORTS	Masters Economy Inns	3736	expenses:entertainment.vacation=1	Colorado Belle/Edgewater Resort	LODGING — HOTELS, MOTELS, RESORTS	Colorado Belle/Edgewater Resort	3737	expenses:entertainment.vacation=1	Riviera Hotel and Casino	LODGING — HOTELS, MOTELS, RESORTS	Riviera Hotel and Casino	3738	expenses:entertainment.vacation=1	Tropicana Resort and Casino	LODGING — HOTELS, MOTELS, RESORTS	Tropicana Resort and Casino	3739	expenses:entertainment.vacation=1	Woodside Hotels and Resorts	LODGING — HOTELS, MOTELS, RESORTS	Woodside Hotels and Resorts	3740	expenses:entertainment.vacation=1	Townplace Suites	LODGING — HOTELS, MOTELS, RESORTS	Townplace Suites	3741	expenses:entertainment.vacation=1	Millennium Hotels	LODGING — HOTELS, MOTELS, RESORTS	Millennium Hotels	3742	expenses:entertainment.vacation=1	Club Med	LODGING — HOTELS, MOTELS, RESORTS	Club Med	3743	expenses:entertainment.vacation=1	Biltmore Hotel & Suites	LODGING — HOTELS, MOTELS, RESORTS	Biltmore Hotel & Suites	3744	expenses:entertainment.vacation=1	Carefree Resorts	LODGING — HOTELS, MOTELS, RESORTS	Carefree Resorts	3745	expenses:entertainment.vacation=1	St. Regis Hotel	LODGING — HOTELS, MOTELS, RESORTS	St. Regis Hotel	3746	expenses:entertainment.vacation=1	The Eliot Hotel	LODGING — HOTELS, MOTELS, RESORTS	The Eliot Hotel	3747	expenses:entertainment.vacation=1	Club Corp/Club Resorts	LODGING — HOTELS, MOTELS, RESORTS	Club Corp/Club Resorts	3748	expenses:entertainment.vacation=1	Wellesley Inns	LODGING — HOTELS, MOTELS, RESORTS	Wellesley Inns	3749	expenses:entertainment.vacation=1	The Beverly Hills Hotel	LODGING — HOTELS, MOTELS, RESORTS	The Beverly Hills Hotel	3750	expenses:entertainment.vacation=1	Crowne Plaza Hotels	LODGING — HOTELS, MOTELS, RESORTS	Crowne Plaza Hotels	3751	expenses:entertainment.vacation=1	Homewood Suites	LODGING — HOTELS, MOTELS, RESORTS	Homewood Suites	3752	expenses:entertainment.vacation=1	Peabody Hotels	LODGING — HOTELS, MOTELS, RESORTS	Peabody Hotels	3753	expenses:entertainment.vacation=1	Greenbriar Resorts	LODGING — HOTELS, MOTELS, RESORTS	Greenbriar Resorts	3754	expenses:entertainment.vacation=1	Amelia Island Plantation	LODGING — HOTELS, MOTELS, RESORTS	Amelia Island Plantation	3755	expenses:entertainment.vacation=1	The Homestead	LODGING — HOTELS, MOTELS, RESORTS	The Homestead	3756	expenses:entertainment.vacation=1	South Seas Resorts	LODGING — HOTELS, MOTELS, RESORTS	South Seas Resorts	3757	expenses:entertainment.vacation=1	Canyon Ranch	LODGING — HOTELS, MOTELS, RESORTS	Canyon Ranch	3758	expenses:entertainment.vacation=1	Kahala Mandarin Oriental Hotel	LODGING — HOTELS, MOTELS, RESORTS	Kahala Mandarin Oriental Hotel	3759	expenses:entertainment.vacation=1	The Orchid at Mauna Lani	LODGING — HOTELS, MOTELS, RESORTS	The Orchid at Mauna Lani	3760	expenses:entertainment.vacation=1	Halekulani Hotel/Waikiki Parc	LODGING — HOTELS, MOTELS, RESORTS	Halekulani Hotel/Waikiki Parc	3761	expenses:entertainment.vacation=1	Primadonna Hotel and Casino	LODGING — HOTELS, MOTELS, RESORTS	Primadonna Hotel and Casino	3762	expenses:entertainment.vacation=1	Whiskey Pete’s Hotel and Casino	LODGING — HOTELS, MOTELS, RESORTS	Whiskey Pete’s Hotel and Casino	3763	expenses:entertainment.vacation=1	Chateau Elan Winery and Resort	LODGING — HOTELS, MOTELS, RESORTS	Chateau Elan Winery and Resort	3764	expenses:entertainment.vacation=1	Beau Rivage Hotel and Casino	LODGING — HOTELS, MOTELS, RESORTS	Beau Rivage Hotel and Casino	3765	expenses:entertainment.vacation=1	Bellagio	LODGING — HOTELS, MOTELS, RESORTS	Bellagio	3766	expenses:entertainment.vacation=1	Fremont Hotel and Casino	LODGING — HOTELS, MOTELS, RESORTS	Fremont Hotel and Casino	3767	expenses:entertainment.vacation=1	Main Street Station Hotel and Casino	LODGING — HOTELS, MOTELS, RESORTS	Main Street Station Hotel and Casino	3768	expenses:entertainment.vacation=1	Silver Star Hotel and Casino	LODGING — HOTELS, MOTELS, RESORTS	Silver Star Hotel and Casino	3769	expenses:entertainment.vacation=1	Stratosphere Hotel and Casino	LODGING — HOTELS, MOTELS, RESORTS	Stratosphere Hotel and Casino	3770	expenses:entertainment.vacation=1	Springhill Suites	LODGING — HOTELS, MOTELS, RESORTS	Springhill Suites	3771	expenses:entertainment.vacation=1	Caesars Hotel and Casino	LODGING — HOTELS, MOTELS, RESORTS	Caesars Hotel and Casino	3772	expenses:entertainment.vacation=1	Nemacolin Woodlands	LODGING — HOTELS, MOTELS, RESORTS	Nemacolin Woodlands	3773	expenses:entertainment.vacation=1	The Venetian Resort Hotel Casino	LODGING — HOTELS, MOTELS, RESORTS	The Venetian Resort Hotel Casino	3774	expenses:entertainment.vacation=1	New York New York Hotel and Casino	LODGING — HOTELS, MOTELS, RESORTS	New York — New York Hotel and Casino	3775	expenses:entertainment.vacation=1	Sands Resort	LODGING — HOTELS, MOTELS, RESORTS	Sands Resort	3776	expenses:entertainment.vacation=1	Nevele Grande Resort and Country Club	LODGING — HOTELS, MOTELS, RESORTS	Nevele Grande Resort and Country Club	3777	expenses:entertainment.vacation=1	Mandalay Bay Resort	LODGING — HOTELS, MOTELS, RESORTS	Mandalay Bay Resort	3778	expenses:entertainment.vacation=1	Four Points Hotels	LODGING — HOTELS, MOTELS, RESORTS	Four Points Hotels	3779	expenses:entertainment.vacation=1	W Hotels	LODGING — HOTELS, MOTELS, RESORTS	W Hotels	3780	expenses:entertainment.vacation=1	Disney Resorts	LODGING — HOTELS, MOTELS, RESORTS	Disney Resorts	3781	expenses:entertainment.vacation=1	Patricia Grand Resort Hotels	LODGING — HOTELS, MOTELS, RESORTS	Patricia Grand Resort Hotels	3782	expenses:entertainment.vacation=1	Rosen Hotels and Resorts	LODGING — HOTELS, MOTELS, RESORTS	Rosen Hotels and Resorts	3783	expenses:entertainment.vacation=1	Town and Country Resort	LODGING — HOTELS, MOTELS, RESORTS	Town and Country Resort	3784	expenses:entertainment.vacation=1	First Hospitality Hotels	LODGING — HOTELS, MOTELS, RESORTS	First Hospitality Hotels	3785	expenses:entertainment.vacation=1	Outrigger Hotels and Resorts	LODGING — HOTELS, MOTELS, RESORTS	Outrigger Hotels and Resorts	3786	expenses:entertainment.vacation=1	Ohana Hotels of Hawaii	LODGING — HOTELS, MOTELS, RESORTS	Ohana Hotels of Hawaii	3787	expenses:entertainment.vacation=1	Caribe Royale Resorts	LODGING — HOTELS, MOTELS, RESORTS	Caribe Royale Resorts	3788	expenses:entertainment.vacation=1	Ala Moana Hotels	LODGING — HOTELS, MOTELS, RESORTS	Ala Moana Hotels	3789	expenses:entertainment.vacation=1	Smugglers’ Notch Resort	LODGING — HOTELS, MOTELS, RESORTS	Smugglers’ Notch Resort	3790	expenses:entertainment.vacation=1	Raffles Hotels	LODGING — HOTELS, MOTELS, RESORTS	Raffles Hotels	3791	expenses:entertainment.vacation=1	Staybridge Suites	LODGING — HOTELS, MOTELS, RESORTS	Staybridge Suites	3792	expenses:entertainment.vacation=1	Claridge Casino Hotel	LODGING — HOTELS, MOTELS, RESORTS	Claridge Casino Hotel	3793	expenses:entertainment.vacation=1	Flamingo Hotels	LODGING — HOTELS, MOTELS, RESORTS	Flamingo Hotels	3794	expenses:entertainment.vacation=1	Grand Casino Hotels	LODGING — HOTELS, MOTELS, RESORTS	Grand Casino Hotels	3795	expenses:entertainment.vacation=1	Paris Las Vegas Hotel	LODGING — HOTELS, MOTELS, RESORTS	Paris Las Vegas Hotel	3796	expenses:entertainment.vacation=1	Peppermill Hotel Casino	LODGING — HOTELS, MOTELS, RESORTS	Peppermill Hotel Casino	3797	expenses:entertainment.vacation=1	Atlantic City Hilton Resorts	LODGING — HOTELS, MOTELS, RESORTS	Atlantic City Hilton Resorts	3798	expenses:entertainment.vacation=1	Embassy Vacation Resort	LODGING — HOTELS, MOTELS, RESORTS	Embassy Vacation Resort	3799	expenses:entertainment.vacation=1	Hale Koa Hotel	LODGING — HOTELS, MOTELS, RESORTS	Hale Koa Hotel	3815	expenses:entertainment.vacation=1	Holiday Inn Nickelodeon	LODGING — HOTELS, MOTELS, RESORTS	Holiday Inn Nickelodeon	3818	expenses:entertainment.vacation=1	Mainstay Suites	LODGING — HOTELS, MOTELS, RESORTS	Mainstay Suites	7011	expenses:entertainment.vacation=1		LODGING — HOTELS, MOTELS, RESORTS	Lodging — Hotels, Motels, Resorts, Central Reservation Services (Not Elsewhere Classified)	7261			PERSONAL SERVICES	Funeral Services and Crematories	7273	expenses:entertainment.culture=1		PERSONAL SERVICES	Dating and Escort Services	7276			PERSONAL SERVICES	Tax Preparation Services	7277			PERSONAL SERVICES	Counseling Services — Debt, Marriage, and Personal	7297	expenses:wellness.beauty=1		PERSONAL SERVICES	Massage Parlors	7298	expenses:wellness.beauty=1		PERSONAL SERVICES	Health and Beauty Spas	7299			PERSONAL SERVICES	Miscellaneous Personal Services — Not Elsewhere Classified	4011	expenses:transport.publictransport=1		TRAVEL/TRANSPORTATION/GAS AND FUEL SERVICES	Railroads	4111	expenses:transport.publictransport=1		TRAVEL/TRANSPORTATION/GAS AND FUEL SERVICES	Local and Suburban Commuter Passenger Transportation, Including Ferries	4112	expenses:transport.publictransport=1		TRAVEL/TRANSPORTATION/GAS AND FUEL SERVICES	Passenger Railways (T&E In US Only)	4119	expenses:wellness.healthcare=1		TRAVEL/TRANSPORTATION/GAS AND FUEL SERVICES	Ambulance Services	4121	expenses:transport.taxi=1		TRAVEL/TRANSPORTATION/GAS AND FUEL SERVICES	Taxicabs and Limousines	4131	expenses:transport.publictransport=1		TRAVEL/TRANSPORTATION/GAS AND FUEL SERVICES	Bus Lines	4411	expenses:entertainment.vacation=1		TRAVEL/TRANSPORTATION/GAS AND FUEL SERVICES	Steamship and Cruise Lines	4457	expenses:entertainment.hobby=1		TRAVEL/TRANSPORTATION/GAS AND FUEL SERVICES	Boat Rentals and Leasing	4468	expenses:entertainment.hobby=1		TRAVEL/TRANSPORTATION/GAS AND FUEL SERVICES	Marinas, Marine Service, and Supplies	4511			TRAVEL/TRANSPORTATION/GAS AND FUEL SERVICES	Airlines and Air Carriers — Not Elsewhere Classified	4582			TRAVEL/TRANSPORTATION/GAS AND FUEL SERVICES	Airports, Flying Fields and Airport Terminals	4722	expenses:entertainment.vacation=1		TRAVEL/TRANSPORTATION/GAS AND FUEL SERVICES	Travel Agencies and Tour Operators	4723			TRAVEL/TRANSPORTATION/GAS AND FUEL SERVICES	Package Tour Operators — Germany Only (Not Available For Use In The US) (Visa Only)	4784	expenses:transport.car=1		TRAVEL/TRANSPORTATION/GAS AND FUEL SERVICES	Tolls and Bridge Fees	4789			TRAVEL/TRANSPORTATION/GAS AND FUEL SERVICES	Transportation Services (Not Elsewhere Classified)	5013	expenses:transport.car=1		TRAVEL/TRANSPORTATION/GAS AND FUEL SERVICES	Motor Vehicle Supplies and New Parts	5169			TRAVEL/TRANSPORTATION/GAS AND FUEL SERVICES	Chemicals and Allied Products (Not Elsewhere Classified)	5172			TRAVEL/TRANSPORTATION/GAS AND FUEL SERVICES	Petroleum and Petroleum Products	5271			TRAVEL/TRANSPORTATION/GAS AND FUEL SERVICES	Mobile Home Dealers	5592			TRAVEL/TRANSPORTATION/GAS AND FUEL SERVICES	Motor Home Dealers	5598			TRAVEL/TRANSPORTATION/GAS AND FUEL SERVICES	Snowmobile Dealers	5599			TRAVEL/TRANSPORTATION/GAS AND FUEL SERVICES	Miscellaneous Automotive, Aircraft, and Farm Equipment Dealers (Not Elsewhere Classified)	5983			TRAVEL/TRANSPORTATION/GAS AND FUEL SERVICES	Fuel Dealers — Fuel Oil, Wood, Coal, and Liquefied Petroleum	7511			TRAVEL/TRANSPORTATION/GAS AND FUEL SERVICES	Truck Stop Transactions (M/C Only)	7512	expenses:transport.car=1		TRAVEL/TRANSPORTATION/GAS AND FUEL SERVICES	Automobile Rental Agency	7513			TRAVEL/TRANSPORTATION/GAS AND FUEL SERVICES	Truck and Utility Trailer Rentals	7519	expenses:transport.car=1		TRAVEL/TRANSPORTATION/GAS AND FUEL SERVICES	Motor Home and Recreational Vehicle Rentals	7523	expenses:transport.car=1		TRAVEL/TRANSPORTATION/GAS AND FUEL SERVICES	Parking Lots and Garages	